-- phpMyAdmin SQL Dump
-- version 5.2.0
-- https://www.phpmyadmin.net/
--
-- Host: localhost:3306
-- Generation Time: Jul 10, 2026 at 10:58 AM
-- Server version: 8.0.30
-- PHP Version: 8.1.10

SET SQL_MODE = "NO_AUTO_VALUE_ON_ZERO";
START TRANSACTION;
SET time_zone = "+00:00";


/*!40101 SET @OLD_CHARACTER_SET_CLIENT=@@CHARACTER_SET_CLIENT */;
/*!40101 SET @OLD_CHARACTER_SET_RESULTS=@@CHARACTER_SET_RESULTS */;
/*!40101 SET @OLD_COLLATION_CONNECTION=@@COLLATION_CONNECTION */;
/*!40101 SET NAMES utf8mb4 */;

--
-- Database: `kuesioner_db`
--

-- --------------------------------------------------------

--
-- Table structure for table `hasil_clustering`
--

CREATE TABLE `hasil_clustering` (
  `id_cluster` int NOT NULL,
  `nis` varchar(20) NOT NULL,
  `cluster_label` varchar(100) DEFAULT NULL,
  `created_at` timestamp NOT NULL DEFAULT CURRENT_TIMESTAMP
) ENGINE=InnoDB DEFAULT CHARSET=utf8mb4 COLLATE=utf8mb4_0900_ai_ci;

--
-- Dumping data for table `hasil_clustering`
--

INSERT INTO `hasil_clustering` (`id_cluster`, `nis`, `cluster_label`, `created_at`) VALUES
(1, '0088930311', 'Komunikasi Berisiko', '2026-07-10 10:51:56'),
(2, '0093794275', 'Komunikasi Toksik', '2026-07-10 10:51:56'),
(3, '0096821293', 'Komunikasi Sehat', '2026-07-10 10:51:56'),
(4, '232-002', 'Komunikasi Toksik', '2026-07-10 10:51:56'),
(5, '232-004', 'Komunikasi Berisiko', '2026-07-10 10:51:56'),
(6, '232-005', 'Komunikasi Berisiko', '2026-07-10 10:51:56'),
(7, '232-007', 'Komunikasi Toksik', '2026-07-10 10:51:56'),
(8, '232-010', 'Komunikasi Berisiko', '2026-07-10 10:51:56'),
(9, '232-011', 'Komunikasi Berisiko', '2026-07-10 10:51:56'),
(10, '232-015', 'Komunikasi Berisiko', '2026-07-10 10:51:56'),
(11, '232-017', 'Komunikasi Sehat', '2026-07-10 10:51:56'),
(12, '232-018', 'Komunikasi Toksik', '2026-07-10 10:51:56'),
(13, '232-020', 'Komunikasi Berisiko', '2026-07-10 10:51:56'),
(14, '232-025', 'Komunikasi Berisiko', '2026-07-10 10:51:56'),
(15, '232-026', 'Komunikasi Sehat', '2026-07-10 10:51:56'),
(16, '232-028', 'Komunikasi Sehat', '2026-07-10 10:51:56'),
(17, '232-029', 'Komunikasi Sehat', '2026-07-10 10:51:56'),
(18, '232-032', 'Komunikasi Sehat', '2026-07-10 10:51:56'),
(19, '232-035', 'Komunikasi Sehat', '2026-07-10 10:51:56'),
(20, '232-036', 'Komunikasi Berisiko', '2026-07-10 10:51:56'),
(21, '232-044', 'Komunikasi Sehat', '2026-07-10 10:51:56'),
(22, '2320002', 'Komunikasi Berisiko', '2026-07-10 10:51:56'),
(23, '232001', 'Komunikasi Berisiko', '2026-07-10 10:51:56'),
(24, '232003', 'Komunikasi Berisiko', '2026-07-10 10:51:56'),
(25, '232009', 'Komunikasi Berisiko', '2026-07-10 10:51:56'),
(26, '232014', 'Komunikasi Berisiko', '2026-07-10 10:51:56'),
(27, '232016', 'Komunikasi Berisiko', '2026-07-10 10:51:56'),
(28, '232018', 'Komunikasi Berisiko', '2026-07-10 10:51:56'),
(29, '232019', 'Komunikasi Berisiko', '2026-07-10 10:51:56'),
(30, '232021', 'Komunikasi Sehat', '2026-07-10 10:51:56'),
(31, '232023', 'Komunikasi Berisiko', '2026-07-10 10:51:56'),
(32, '232024', 'Komunikasi Toksik', '2026-07-10 10:51:56'),
(33, '232030', 'Komunikasi Toksik', '2026-07-10 10:51:56'),
(34, '232031', 'Komunikasi Sehat', '2026-07-10 10:51:56'),
(35, '232033', 'Komunikasi Berisiko', '2026-07-10 10:51:56'),
(36, '232034', 'Komunikasi Berisiko', '2026-07-10 10:51:56'),
(37, '232040', 'Komunikasi Berisiko', '2026-07-10 10:51:56'),
(38, '232041', 'Komunikasi Berisiko', '2026-07-10 10:51:56'),
(39, '232042', 'Komunikasi Berisiko', '2026-07-10 10:51:56'),
(40, '232043', 'Komunikasi Berisiko', '2026-07-10 10:51:56'),
(41, '233-001', 'Komunikasi Toksik', '2026-07-10 10:51:56'),
(42, '233-003', 'Komunikasi Berisiko', '2026-07-10 10:51:56'),
(43, '233-006', 'Komunikasi Berisiko', '2026-07-10 10:51:56'),
(44, '233-007', 'Komunikasi Toksik', '2026-07-10 10:51:56'),
(45, '233-011', 'Komunikasi Berisiko', '2026-07-10 10:51:56'),
(46, '233-012', 'Komunikasi Berisiko', '2026-07-10 10:51:56'),
(47, '233-014', 'Komunikasi Berisiko', '2026-07-10 10:51:56'),
(48, '233-017', 'Komunikasi Berisiko', '2026-07-10 10:51:56'),
(49, '233-018', 'Komunikasi Toksik', '2026-07-10 10:51:56'),
(50, '233-019', 'Komunikasi Sehat', '2026-07-10 10:51:56'),
(51, '233-020', 'Komunikasi Berisiko', '2026-07-10 10:51:56'),
(52, '233-022', 'Komunikasi Berisiko', '2026-07-10 10:51:56'),
(53, '233-023', 'Komunikasi Berisiko', '2026-07-10 10:51:56'),
(54, '233-029', 'Komunikasi Berisiko', '2026-07-10 10:51:56'),
(55, '233-030', 'Komunikasi Berisiko', '2026-07-10 10:51:56'),
(56, '233-032', 'Komunikasi Berisiko', '2026-07-10 10:51:56'),
(57, '233-033', 'Komunikasi Sehat', '2026-07-10 10:51:56'),
(58, '233-034', 'Komunikasi Toksik', '2026-07-10 10:51:56'),
(59, '233-036', 'Komunikasi Berisiko', '2026-07-10 10:51:56'),
(60, '233-037', 'Komunikasi Berisiko', '2026-07-10 10:51:56'),
(61, '233-039', 'Komunikasi Berisiko', '2026-07-10 10:51:56'),
(62, '233-040', 'Komunikasi Berisiko', '2026-07-10 10:51:56'),
(63, '233-043', 'Komunikasi Sehat', '2026-07-10 10:51:56'),
(64, '233-921', 'Komunikasi Toksik', '2026-07-10 10:51:56'),
(65, '233042', 'Komunikasi Sehat', '2026-07-10 10:51:56'),
(66, '242-001', 'Komunikasi Berisiko', '2026-07-10 10:51:56'),
(67, '242-002', 'Komunikasi Berisiko', '2026-07-10 10:51:56'),
(68, '242-003', 'Komunikasi Berisiko', '2026-07-10 10:51:56'),
(69, '242-006', 'Komunikasi Berisiko', '2026-07-10 10:51:56'),
(70, '242-007', 'Komunikasi Berisiko', '2026-07-10 10:51:56'),
(71, '242-009', 'Komunikasi Toksik', '2026-07-10 10:51:56'),
(72, '242-010', 'Komunikasi Sehat', '2026-07-10 10:51:56'),
(73, '242-011', 'Komunikasi Sehat', '2026-07-10 10:51:56'),
(74, '242-014', 'Komunikasi Toksik', '2026-07-10 10:51:56'),
(75, '242-015', 'Komunikasi Sehat', '2026-07-10 10:51:56'),
(76, '242-023', 'Komunikasi Toksik', '2026-07-10 10:51:56'),
(77, '242-024', 'Komunikasi Sehat', '2026-07-10 10:51:56'),
(78, '242-027', 'Komunikasi Berisiko', '2026-07-10 10:51:56'),
(79, '242-029', 'Komunikasi Sehat', '2026-07-10 10:51:56'),
(80, '242-030', 'Komunikasi Berisiko', '2026-07-10 10:51:56'),
(81, '242-033', 'Komunikasi Sehat', '2026-07-10 10:51:56'),
(82, '242-035', 'Komunikasi Berisiko', '2026-07-10 10:51:56'),
(83, '242-036', 'Komunikasi Berisiko', '2026-07-10 10:51:56'),
(84, '242004', 'Komunikasi Toksik', '2026-07-10 10:51:56'),
(85, '242012', 'Komunikasi Berisiko', '2026-07-10 10:51:56'),
(86, '242016', 'Komunikasi Toksik', '2026-07-10 10:51:56'),
(87, '242018', 'Komunikasi Berisiko', '2026-07-10 10:51:56'),
(88, '242019', 'Komunikasi Toksik', '2026-07-10 10:51:56'),
(89, '242020', 'Komunikasi Berisiko', '2026-07-10 10:51:56'),
(90, '242021', 'Komunikasi Sehat', '2026-07-10 10:51:56'),
(91, '242022', 'Komunikasi Toksik', '2026-07-10 10:51:56'),
(92, '242023', 'Komunikasi Berisiko', '2026-07-10 10:51:56'),
(93, '242026', 'Komunikasi Sehat', '2026-07-10 10:51:56'),
(94, '242028', 'Komunikasi Berisiko', '2026-07-10 10:51:56'),
(95, '242031', 'Komunikasi Sehat', '2026-07-10 10:51:56'),
(96, '242034', 'Komunikasi Sehat', '2026-07-10 10:51:56'),
(97, '251 - 022', 'Komunikasi Berisiko', '2026-07-10 10:51:56'),
(98, '251-001', 'Komunikasi Berisiko', '2026-07-10 10:51:56'),
(99, '251-002', 'Komunikasi Berisiko', '2026-07-10 10:51:56'),
(100, '251-003', 'Komunikasi Toksik', '2026-07-10 10:51:56'),
(101, '251-005', 'Komunikasi Berisiko', '2026-07-10 10:51:56'),
(102, '251-007', 'Komunikasi Berisiko', '2026-07-10 10:51:56'),
(103, '251-012', 'Komunikasi Berisiko', '2026-07-10 10:51:56'),
(104, '251-014', 'Komunikasi Berisiko', '2026-07-10 10:51:56'),
(105, '251-015', 'Komunikasi Toksik', '2026-07-10 10:51:56'),
(106, '251-017', 'Komunikasi Sehat', '2026-07-10 10:51:56'),
(107, '251-020', 'Komunikasi Berisiko', '2026-07-10 10:51:56'),
(108, '251-021', 'Komunikasi Berisiko', '2026-07-10 10:51:56'),
(109, '251-023', 'Komunikasi Toksik', '2026-07-10 10:51:56'),
(110, '251-024', 'Komunikasi Toksik', '2026-07-10 10:51:56'),
(111, '251-028', 'Komunikasi Berisiko', '2026-07-10 10:51:56'),
(112, '251-029', 'Komunikasi Berisiko', '2026-07-10 10:51:56'),
(113, '251-030', 'Komunikasi Berisiko', '2026-07-10 10:51:56'),
(114, '251-031', 'Komunikasi Berisiko', '2026-07-10 10:51:56'),
(115, '251-032', 'Komunikasi Berisiko', '2026-07-10 10:51:56'),
(116, '251-033', 'Komunikasi Toksik', '2026-07-10 10:51:56'),
(117, '251-034', 'Komunikasi Berisiko', '2026-07-10 10:51:56'),
(118, '251-036', 'Komunikasi Berisiko', '2026-07-10 10:51:56'),
(119, '251006', 'Komunikasi Berisiko', '2026-07-10 10:51:56'),
(120, '251008', 'Komunikasi Toksik', '2026-07-10 10:51:56'),
(121, '251010', 'Komunikasi Berisiko', '2026-07-10 10:51:56'),
(122, '251011', 'Komunikasi Sehat', '2026-07-10 10:51:56'),
(123, '251016', 'Komunikasi Berisiko', '2026-07-10 10:51:56'),
(124, '251026', 'Komunikasi Berisiko', '2026-07-10 10:51:56'),
(125, '251027', 'Komunikasi Berisiko', '2026-07-10 10:51:56'),
(126, '251035', 'Komunikasi Sehat', '2026-07-10 10:51:56'),
(127, '252-001', 'Komunikasi Berisiko', '2026-07-10 10:51:56'),
(128, '252-002', 'Komunikasi Sehat', '2026-07-10 10:51:56'),
(129, '252-005', 'Komunikasi Berisiko', '2026-07-10 10:51:56'),
(130, '252-007', 'Komunikasi Berisiko', '2026-07-10 10:51:56'),
(131, '252-008', 'Komunikasi Sehat', '2026-07-10 10:51:56'),
(132, '252-009', 'Komunikasi Berisiko', '2026-07-10 10:51:56'),
(133, '252-013', 'Komunikasi Sehat', '2026-07-10 10:51:56'),
(134, '252-014', 'Komunikasi Berisiko', '2026-07-10 10:51:56'),
(135, '252-015', 'Komunikasi Berisiko', '2026-07-10 10:51:56'),
(136, '252-016', 'Komunikasi Sehat', '2026-07-10 10:51:56'),
(137, '252-017', 'Komunikasi Sehat', '2026-07-10 10:51:56'),
(138, '252-019', 'Komunikasi Sehat', '2026-07-10 10:51:56'),
(139, '252-020', 'Komunikasi Berisiko', '2026-07-10 10:51:56'),
(140, '252-021', 'Komunikasi Toksik', '2026-07-10 10:51:56'),
(141, '252-022', 'Komunikasi Toksik', '2026-07-10 10:51:56'),
(142, '252-023', 'Komunikasi Toksik', '2026-07-10 10:51:56'),
(143, '252-026', 'Komunikasi Berisiko', '2026-07-10 10:51:56'),
(144, '252-027', 'Komunikasi Sehat', '2026-07-10 10:51:56'),
(145, '252-029', 'Komunikasi Sehat', '2026-07-10 10:51:56'),
(146, '252-030', 'Komunikasi Toksik', '2026-07-10 10:51:56'),
(147, '252-031', 'Komunikasi Sehat', '2026-07-10 10:51:56'),
(148, '252-035', 'Komunikasi Sehat', '2026-07-10 10:51:56'),
(149, '252-036', 'Komunikasi Berisiko', '2026-07-10 10:51:56'),
(150, '252-037', 'Komunikasi Sehat', '2026-07-10 10:51:56'),
(151, '2520-012', 'Komunikasi Sehat', '2026-07-10 10:51:56'),
(152, '252010', 'Komunikasi Berisiko', '2026-07-10 10:51:56'),
(153, '252028', 'Komunikasi Sehat', '2026-07-10 10:51:56'),
(154, '252030', 'Komunikasi Sehat', '2026-07-10 10:51:56'),
(155, '253-024', 'Komunikasi Sehat', '2026-07-10 10:51:56');

-- --------------------------------------------------------

--
-- Table structure for table `hasil_skor`
--

CREATE TABLE `hasil_skor` (
  `id_skor` int NOT NULL,
  `nis` varchar(20) NOT NULL,
  `skor_keaktifan_komunikasi` decimal(10,2) DEFAULT NULL,
  `skor_teman_ngobrol` decimal(10,2) DEFAULT NULL,
  `skor_cara_berkomunikasi` decimal(10,2) DEFAULT NULL,
  `skor_isi_obrolan` decimal(10,2) DEFAULT NULL,
  `skor_perasaan_saat_berkomunikasi` decimal(10,2) DEFAULT NULL,
  `skor_total` decimal(10,2) DEFAULT NULL
) ENGINE=InnoDB DEFAULT CHARSET=utf8mb4 COLLATE=utf8mb4_0900_ai_ci;

--
-- Dumping data for table `hasil_skor`
--

INSERT INTO `hasil_skor` (`id_skor`, `nis`, `skor_keaktifan_komunikasi`, `skor_teman_ngobrol`, `skor_cara_berkomunikasi`, `skor_isi_obrolan`, `skor_perasaan_saat_berkomunikasi`, `skor_total`) VALUES
(1, '0088930311', '2.33', '3.33', '2.67', '3.67', '3.67', '3.13'),
(2, '0093794275', '1.00', '1.00', '5.00', '5.00', '3.67', '3.13'),
(3, '0096821293', '3.00', '2.33', '2.00', '1.00', '1.00', '1.87'),
(4, '232-002', '5.00', '5.00', '4.33', '4.33', '5.00', '4.73'),
(5, '232-004', '3.67', '3.67', '2.00', '1.00', '2.33', '2.53'),
(6, '232-005', '2.00', '2.00', '2.67', '2.33', '2.33', '2.27'),
(7, '232-007', '4.33', '4.00', '3.67', '2.33', '2.67', '3.40'),
(8, '232-010', '3.00', '2.00', '2.33', '2.00', '2.33', '2.33'),
(9, '232-011', '2.33', '2.33', '2.00', '1.00', '2.67', '2.07'),
(10, '232-015', '3.33', '3.33', '2.33', '2.67', '3.00', '2.93'),
(11, '232-017', '1.00', '2.33', '2.33', '3.67', '1.00', '2.07'),
(12, '232-018', '4.67', '4.33', '5.00', '5.00', '4.00', '4.60'),
(13, '232-020', '4.33', '2.67', '2.67', '1.67', '2.67', '2.80'),
(14, '232-025', '2.33', '3.00', '2.67', '2.00', '2.33', '2.47'),
(15, '232-026', '1.00', '2.33', '2.33', '2.33', '1.00', '1.80'),
(16, '232-028', '1.00', '1.00', '2.00', '1.00', '1.00', '1.20'),
(17, '232-029', '1.00', '1.00', '1.00', '2.67', '1.00', '1.33'),
(18, '232-032', '2.33', '1.00', '1.33', '1.00', '1.00', '1.33'),
(19, '232-035', '2.33', '1.67', '2.00', '1.00', '2.00', '1.80'),
(20, '232-036', '2.67', '3.33', '2.00', '2.33', '2.67', '2.60'),
(21, '232-044', '2.00', '1.67', '2.00', '2.67', '2.00', '2.07'),
(22, '2320002', '2.33', '3.67', '1.33', '3.33', '1.33', '2.40'),
(23, '232001', '2.00', '2.33', '3.00', '2.33', '2.33', '2.40'),
(24, '232003', '2.00', '2.33', '3.33', '2.33', '3.33', '2.67'),
(25, '232009', '3.00', '2.33', '2.00', '1.33', '1.67', '2.07'),
(26, '232014', '3.67', '2.33', '1.33', '1.33', '1.33', '2.00'),
(27, '232016', '3.33', '3.00', '1.67', '1.00', '3.33', '2.47'),
(28, '232018', '3.67', '2.67', '1.00', '1.00', '1.33', '1.93'),
(29, '232019', '2.33', '3.00', '3.00', '2.33', '2.33', '2.60'),
(30, '232021', '1.33', '3.00', '1.67', '1.67', '1.33', '1.80'),
(31, '232023', '2.33', '2.33', '3.00', '3.00', '2.33', '2.60'),
(32, '232024', '3.00', '3.67', '4.33', '2.00', '3.00', '3.20'),
(33, '232030', '4.00', '4.00', '3.67', '2.67', '3.67', '3.60'),
(34, '232031', '2.00', '2.00', '2.00', '2.00', '1.33', '1.87'),
(35, '232033', '3.67', '3.33', '2.67', '1.00', '3.33', '2.80'),
(36, '232034', '3.00', '3.00', '3.00', '3.00', '3.00', '3.00'),
(37, '232040', '2.00', '4.67', '1.67', '1.33', '2.00', '2.33'),
(38, '232041', '2.00', '2.67', '2.67', '3.00', '1.67', '2.40'),
(39, '232042', '2.33', '1.67', '2.00', '2.67', '2.00', '2.13'),
(40, '232043', '2.33', '3.33', '2.33', '2.33', '3.33', '2.73'),
(41, '233-001', '3.67', '3.33', '3.33', '2.33', '3.67', '3.27'),
(42, '233-003', '3.00', '3.00', '2.67', '2.67', '3.00', '2.87'),
(43, '233-006', '3.33', '2.33', '3.00', '1.67', '2.33', '2.53'),
(44, '233-007', '3.67', '2.67', '3.33', '3.67', '3.33', '3.33'),
(45, '233-011', '2.67', '3.67', '1.67', '1.67', '1.67', '2.27'),
(46, '233-012', '3.33', '3.33', '3.67', '2.33', '3.00', '3.13'),
(47, '233-014', '3.00', '3.00', '3.00', '3.00', '3.00', '3.00'),
(48, '233-017', '3.00', '2.33', '1.67', '2.67', '1.67', '2.27'),
(49, '233-018', '4.33', '4.67', '2.67', '3.00', '4.67', '3.87'),
(50, '233-019', '1.67', '1.67', '1.67', '3.00', '2.33', '2.07'),
(51, '233-020', '3.00', '2.67', '2.33', '3.67', '2.33', '2.80'),
(52, '233-022', '2.00', '3.33', '3.00', '3.33', '2.33', '2.80'),
(53, '233-023', '3.00', '3.00', '1.00', '2.33', '3.33', '2.53'),
(54, '233-029', '3.33', '3.67', '2.33', '1.00', '3.00', '2.67'),
(55, '233-030', '3.67', '4.67', '2.33', '2.00', '2.67', '3.07'),
(56, '233-032', '2.67', '3.33', '2.00', '2.67', '2.00', '2.53'),
(57, '233-033', '1.00', '1.00', '1.00', '1.00', '1.00', '1.00'),
(58, '233-034', '3.00', '5.00', '3.67', '3.00', '3.00', '3.53'),
(59, '233-036', '2.33', '3.33', '2.33', '3.00', '2.33', '2.67'),
(60, '233-037', '3.00', '2.00', '1.67', '2.33', '1.67', '2.13'),
(61, '233-039', '4.00', '3.67', '2.67', '2.67', '2.67', '3.13'),
(62, '233-040', '3.67', '3.67', '2.00', '4.33', '2.00', '3.13'),
(63, '233-043', '1.00', '1.00', '1.00', '2.33', '1.00', '1.27'),
(64, '233-921', '4.67', '3.67', '4.33', '2.33', '4.67', '3.93'),
(65, '233042', '1.67', '1.67', '1.67', '2.00', '1.67', '1.73'),
(66, '242-001', '3.67', '3.67', '2.33', '3.00', '2.33', '3.00'),
(67, '242-002', '2.67', '3.00', '2.00', '2.00', '2.33', '2.40'),
(68, '242-003', '2.00', '2.67', '2.00', '3.00', '2.00', '2.33'),
(69, '242-006', '2.67', '3.67', '2.33', '2.33', '2.33', '2.67'),
(70, '242-007', '3.00', '3.00', '3.00', '3.00', '3.00', '3.00'),
(71, '242-009', '4.33', '4.00', '4.33', '5.00', '4.00', '4.33'),
(72, '242-010', '1.00', '1.00', '1.00', '1.00', '1.00', '1.00'),
(73, '242-011', '1.67', '1.00', '2.67', '1.67', '2.00', '1.80'),
(74, '242-014', '4.00', '4.33', '5.00', '5.00', '5.00', '4.67'),
(75, '242-015', '1.00', '1.00', '1.00', '1.00', '1.00', '1.00'),
(76, '242-023', '4.67', '4.67', '3.67', '4.67', '5.00', '4.53'),
(77, '242-024', '1.00', '1.00', '2.00', '2.00', '2.00', '1.60'),
(78, '242-027', '3.00', '3.00', '2.33', '4.00', '3.33', '3.13'),
(79, '242-029', '1.00', '1.00', '1.00', '1.00', '1.00', '1.00'),
(80, '242-030', '1.33', '3.00', '3.00', '2.67', '1.00', '2.20'),
(81, '242-033', '1.00', '1.00', '1.00', '1.00', '1.00', '1.00'),
(82, '242-035', '3.00', '2.33', '1.67', '2.00', '1.00', '2.00'),
(83, '242-036', '2.67', '2.67', '2.33', '3.00', '2.00', '2.53'),
(84, '242004', '2.67', '2.00', '4.00', '4.67', '4.33', '3.53'),
(85, '242012', '2.33', '2.33', '1.33', '2.67', '2.00', '2.13'),
(86, '242016', '3.00', '4.67', '5.00', '4.33', '4.33', '4.27'),
(87, '242018', '3.00', '3.33', '3.00', '1.67', '3.00', '2.80'),
(88, '242019', '3.00', '4.33', '3.67', '2.33', '3.67', '3.40'),
(89, '242020', '2.00', '3.33', '2.67', '1.67', '2.00', '2.33'),
(90, '242021', '1.00', '1.00', '1.00', '1.67', '1.00', '1.13'),
(91, '242022', '3.33', '3.33', '4.00', '3.00', '3.67', '3.47'),
(92, '242023', '3.33', '2.67', '2.00', '2.33', '2.00', '2.47'),
(93, '242026', '2.67', '1.67', '1.00', '1.67', '1.33', '1.67'),
(94, '242028', '2.67', '3.33', '1.67', '2.33', '1.67', '2.33'),
(95, '242031', '1.00', '1.00', '1.00', '1.00', '1.00', '1.00'),
(96, '242034', '1.00', '1.00', '2.33', '1.00', '1.00', '1.27'),
(97, '251 - 022', '3.00', '2.33', '2.00', '2.33', '4.67', '2.87'),
(98, '251-001', '2.67', '2.33', '3.00', '4.33', '2.67', '3.00'),
(99, '251-002', '2.33', '2.67', '2.00', '2.00', '3.00', '2.40'),
(100, '251-003', '4.33', '3.67', '2.67', '2.67', '4.00', '3.47'),
(101, '251-005', '3.00', '3.00', '2.67', '1.67', '3.00', '2.67'),
(102, '251-007', '2.33', '5.00', '2.33', '3.00', '3.00', '3.13'),
(103, '251-012', '3.33', '3.00', '2.00', '3.33', '1.33', '2.60'),
(104, '251-014', '3.33', '3.33', '2.33', '3.33', '3.00', '3.07'),
(105, '251-015', '3.67', '2.00', '4.00', '3.33', '3.33', '3.27'),
(106, '251-017', '1.67', '1.67', '3.67', '1.00', '1.67', '1.93'),
(107, '251-020', '2.67', '2.33', '3.33', '3.00', '3.00', '2.87'),
(108, '251-021', '4.00', '2.67', '1.67', '1.67', '2.33', '2.47'),
(109, '251-023', '3.00', '3.67', '3.33', '3.67', '3.33', '3.40'),
(110, '251-024', '2.67', '3.67', '3.67', '2.67', '3.67', '3.27'),
(111, '251-028', '2.67', '1.33', '2.67', '2.67', '2.67', '2.40'),
(112, '251-029', '2.33', '2.33', '3.33', '2.67', '2.00', '2.53'),
(113, '251-030', '2.67', '3.00', '3.00', '3.00', '3.00', '2.93'),
(114, '251-031', '2.67', '3.00', '1.67', '1.00', '1.67', '2.00'),
(115, '251-032', '2.33', '2.67', '3.00', '3.00', '2.33', '2.67'),
(116, '251-033', '3.00', '3.00', '5.00', '3.33', '3.00', '3.47'),
(117, '251-034', '2.33', '1.67', '3.00', '3.00', '2.67', '2.53'),
(118, '251-036', '3.33', '3.00', '3.00', '3.00', '3.00', '3.07'),
(119, '251006', '4.00', '3.00', '2.33', '3.00', '3.00', '3.07'),
(120, '251008', '4.00', '3.00', '3.00', '3.00', '4.00', '3.40'),
(121, '251010', '2.67', '3.33', '3.00', '2.00', '2.67', '2.73'),
(122, '251011', '1.00', '1.00', '1.00', '1.00', '1.00', '1.00'),
(123, '251016', '3.67', '3.67', '2.67', '2.33', '3.67', '3.20'),
(124, '251026', '2.33', '3.33', '2.00', '3.00', '2.33', '2.60'),
(125, '251027', '2.67', '3.33', '1.67', '2.33', '1.67', '2.33'),
(126, '251035', '1.00', '1.00', '1.00', '1.00', '1.00', '1.00'),
(127, '252-001', '2.00', '2.33', '1.67', '3.00', '2.67', '2.33'),
(128, '252-002', '1.00', '1.00', '1.00', '1.00', '1.00', '1.00'),
(129, '252-005', '2.00', '3.00', '2.33', '1.33', '2.00', '2.13'),
(130, '252-007', '3.33', '3.33', '2.67', '3.00', '3.00', '3.07'),
(131, '252-008', '1.33', '2.33', '1.67', '1.00', '1.33', '1.53'),
(132, '252-009', '2.67', '2.67', '3.00', '1.33', '2.33', '2.40'),
(133, '252-013', '1.00', '1.00', '1.00', '1.00', '1.00', '1.00'),
(134, '252-014', '3.33', '3.67', '1.67', '1.33', '2.33', '2.47'),
(135, '252-015', '2.33', '2.33', '2.67', '1.67', '2.67', '2.33'),
(136, '252-016', '1.00', '2.33', '1.00', '1.00', '1.00', '1.27'),
(137, '252-017', '1.00', '1.00', '1.00', '1.00', '1.00', '1.00'),
(138, '252-019', '1.00', '1.00', '1.00', '1.00', '1.00', '1.00'),
(139, '252-020', '1.33', '2.33', '3.00', '1.33', '3.00', '2.20'),
(140, '252-021', '4.00', '4.00', '3.67', '4.00', '3.00', '3.73'),
(141, '252-022', '3.67', '3.33', '4.00', '2.33', '4.33', '3.53'),
(142, '252-023', '3.33', '4.00', '3.00', '3.00', '3.67', '3.40'),
(143, '252-026', '2.00', '3.00', '2.33', '2.67', '3.33', '2.67'),
(144, '252-027', '1.00', '1.00', '1.00', '2.00', '1.00', '1.20'),
(145, '252-029', '2.33', '1.67', '1.00', '1.00', '1.00', '1.40'),
(146, '252-030', '4.33', '4.67', '4.67', '5.00', '4.67', '4.67'),
(147, '252-031', '1.00', '1.00', '1.00', '1.00', '1.00', '1.00'),
(148, '252-035', '1.67', '1.67', '1.33', '2.33', '1.00', '1.60'),
(149, '252-036', '3.33', '3.33', '3.67', '1.67', '1.67', '2.73'),
(150, '252-037', '2.00', '2.00', '1.67', '1.33', '2.00', '1.80'),
(151, '2520-012', '2.00', '1.67', '1.00', '2.33', '3.00', '2.00'),
(152, '252010', '3.33', '3.67', '1.33', '2.00', '2.67', '2.60'),
(153, '252028', '2.33', '2.33', '1.00', '1.00', '1.00', '1.53'),
(154, '252030', '1.33', '1.00', '1.33', '1.00', '1.00', '1.13'),
(155, '253-024', '1.00', '1.00', '1.00', '1.00', '1.00', '1.00');

-- --------------------------------------------------------

--
-- Table structure for table `jawaban`
--

CREATE TABLE `jawaban` (
  `id_jawaban` int NOT NULL,
  `nis` varchar(20) NOT NULL,
  `id_pernyataan` int NOT NULL,
  `nilai` int NOT NULL,
  `komentar` text
) ENGINE=InnoDB DEFAULT CHARSET=utf8mb4 COLLATE=utf8mb4_0900_ai_ci;

--
-- Dumping data for table `jawaban`
--

INSERT INTO `jawaban` (`id_jawaban`, `nis`, `id_pernyataan`, `nilai`, `komentar`) VALUES
(60, '233-019', 39, 2, NULL),
(61, '233-019', 41, 2, NULL),
(62, '233-019', 55, 5, NULL),
(63, '233-019', 42, 1, NULL),
(64, '233-019', 43, 1, NULL),
(65, '233-019', 44, 3, 'afk terus saya main fish it, inpo ck” x8'),
(66, '233-019', 45, 1, NULL),
(67, '233-019', 46, 1, NULL),
(68, '233-019', 47, 3, NULL),
(69, '233-019', 50, 1, 'nda adaji'),
(70, '233-019', 56, 1, 'tdk pernah'),
(71, '233-019', 57, 1, 'fish it anti bully'),
(72, '233-019', 51, 1, NULL),
(73, '233-019', 52, 3, 'twman kelasku ji pacalla”'),
(74, '233-019', 54, 5, NULL),
(75, '233-007', 39, 3, NULL),
(76, '233-007', 41, 3, NULL),
(77, '233-007', 55, 4, NULL),
(78, '233-007', 42, 5, NULL),
(79, '233-007', 43, 3, NULL),
(80, '233-007', 44, 3, NULL),
(81, '233-007', 45, 2, NULL),
(82, '233-007', 46, 4, NULL),
(83, '233-007', 47, 2, NULL),
(84, '233-007', 50, 4, NULL),
(85, '233-007', 56, 3, NULL),
(86, '233-007', 57, 3, NULL),
(87, '233-007', 51, 4, NULL),
(88, '233-007', 52, 4, NULL),
(89, '233-007', 54, 3, NULL),
(90, '233-043', 39, 1, NULL),
(91, '233-043', 41, 1, NULL),
(92, '233-043', 55, 1, NULL),
(93, '233-043', 42, 1, NULL),
(94, '233-043', 43, 1, NULL),
(95, '233-043', 44, 1, NULL),
(96, '233-043', 45, 1, NULL),
(97, '233-043', 46, 1, NULL),
(98, '233-043', 47, 1, NULL),
(99, '233-043', 50, 1, NULL),
(100, '233-043', 56, 1, NULL),
(101, '233-043', 57, 1, NULL),
(102, '233-043', 51, 1, NULL),
(103, '233-043', 52, 4, NULL),
(104, '233-043', 54, 2, NULL),
(105, '233-029', 39, 3, NULL),
(106, '233-029', 41, 4, NULL),
(107, '233-029', 55, 4, NULL),
(108, '233-029', 42, 3, NULL),
(109, '233-029', 43, 3, NULL),
(110, '233-029', 44, 3, NULL),
(111, '233-029', 45, 5, NULL),
(112, '233-029', 46, 3, NULL),
(113, '233-029', 47, 1, NULL),
(114, '233-029', 50, 3, NULL),
(115, '233-029', 56, 1, NULL),
(116, '233-029', 57, 4, NULL),
(117, '233-029', 51, 1, NULL),
(118, '233-029', 52, 1, NULL),
(119, '233-029', 54, 1, NULL),
(120, '233-032', 39, 4, NULL),
(121, '233-032', 41, 3, NULL),
(122, '233-032', 55, 3, NULL),
(123, '233-032', 42, 1, NULL),
(124, '233-032', 43, 5, NULL),
(125, '233-032', 44, 3, 'tidak pernah'),
(126, '233-032', 45, 2, NULL),
(127, '233-032', 46, 3, NULL),
(128, '233-032', 47, 2, NULL),
(129, '233-032', 50, 1, 'tidak pernah'),
(130, '233-032', 56, 1, 'tidak pernah'),
(131, '233-032', 57, 2, 'aku anak baik'),
(132, '233-032', 51, 3, NULL),
(133, '233-032', 52, 2, 'b aja'),
(134, '233-032', 54, 3, NULL),
(135, '233-018', 39, 5, NULL),
(136, '233-018', 41, 5, NULL),
(137, '233-018', 55, 5, NULL),
(138, '233-018', 42, 3, NULL),
(139, '233-018', 43, 4, NULL),
(140, '233-018', 44, 5, NULL),
(141, '233-018', 45, 5, NULL),
(142, '233-018', 46, 5, NULL),
(143, '233-018', 47, 1, NULL),
(144, '233-018', 50, 2, NULL),
(145, '233-018', 56, 4, NULL),
(146, '233-018', 57, 5, NULL),
(147, '233-018', 51, 5, NULL),
(148, '233-018', 52, 1, NULL),
(149, '233-018', 54, 3, NULL),
(150, '233-033', 39, 1, NULL),
(151, '233-033', 41, 1, NULL),
(152, '233-033', 55, 1, NULL),
(153, '233-033', 42, 1, NULL),
(154, '233-033', 43, 1, NULL),
(155, '233-033', 44, 1, NULL),
(156, '233-033', 45, 1, NULL),
(157, '233-033', 46, 1, NULL),
(158, '233-033', 47, 1, NULL),
(159, '233-033', 50, 1, NULL),
(160, '233-033', 56, 1, NULL),
(161, '233-033', 57, 1, NULL),
(162, '233-033', 51, 1, NULL),
(163, '233-033', 52, 1, NULL),
(164, '233-033', 54, 1, NULL),
(165, '233-011', 39, 3, NULL),
(166, '233-011', 41, 3, NULL),
(167, '233-011', 55, 1, NULL),
(168, '233-011', 42, 2, NULL),
(169, '233-011', 43, 5, NULL),
(170, '233-011', 44, 3, NULL),
(171, '233-011', 45, 3, NULL),
(172, '233-011', 46, 1, NULL),
(173, '233-011', 47, 1, NULL),
(174, '233-011', 50, 3, NULL),
(175, '233-011', 56, 3, NULL),
(176, '233-011', 57, 1, NULL),
(177, '233-011', 51, 1, NULL),
(178, '233-011', 52, 3, NULL),
(179, '233-011', 54, 1, NULL),
(180, '233-036', 39, 2, NULL),
(181, '233-036', 41, 2, NULL),
(182, '233-036', 55, 3, NULL),
(183, '233-036', 42, 3, NULL),
(184, '233-036', 43, 2, NULL),
(185, '233-036', 44, 3, 'Gwe si gk peduli, langsung saya hiraukan.'),
(186, '233-036', 45, 5, NULL),
(187, '233-036', 46, 3, NULL),
(188, '233-036', 47, 2, NULL),
(189, '233-036', 50, 2, 'Cuman tukaran ig'),
(190, '233-036', 56, 3, 'Belum pernah sih, when ya'),
(191, '233-036', 57, 1, 'Gak lah jir'),
(192, '233-036', 51, 3, NULL),
(193, '233-036', 52, 3, 'Netral aja'),
(194, '233-036', 54, 3, NULL),
(195, '233-014', 39, 3, NULL),
(196, '233-014', 41, 3, NULL),
(197, '233-014', 55, 3, NULL),
(198, '233-014', 42, 3, NULL),
(199, '233-014', 43, 3, NULL),
(200, '233-014', 44, 3, NULL),
(201, '233-014', 45, 3, NULL),
(202, '233-014', 46, 3, NULL),
(203, '233-014', 47, 3, NULL),
(204, '233-014', 50, 3, NULL),
(205, '233-014', 56, 3, NULL),
(206, '233-014', 57, 3, NULL),
(207, '233-014', 51, 3, NULL),
(208, '233-014', 52, 3, NULL),
(209, '233-014', 54, 3, NULL),
(210, '233-040', 39, 3, NULL),
(211, '233-040', 41, 3, NULL),
(212, '233-040', 55, 4, NULL),
(213, '233-040', 42, 5, NULL),
(214, '233-040', 43, 5, NULL),
(215, '233-040', 44, 3, 'tdk mau nda sudi'),
(216, '233-040', 45, 3, NULL),
(217, '233-040', 46, 3, NULL),
(218, '233-040', 47, 2, NULL),
(219, '233-040', 50, 1, 'jelle malas'),
(220, '233-040', 56, 1, 'tdk suka'),
(221, '233-040', 57, 1, 'karna saya juga ava ku bacon'),
(222, '233-040', 51, 5, NULL),
(223, '233-040', 52, 3, 'b aja sih'),
(224, '233-040', 54, 5, NULL),
(225, '233-034', 39, 3, NULL),
(226, '233-034', 41, 3, NULL),
(227, '233-034', 55, 3, NULL),
(228, '233-034', 42, 3, NULL),
(229, '233-034', 43, 5, NULL),
(230, '233-034', 44, 5, NULL),
(231, '233-034', 45, 5, NULL),
(232, '233-034', 46, 5, NULL),
(233, '233-034', 47, 3, NULL),
(234, '233-034', 50, 3, NULL),
(235, '233-034', 56, 3, NULL),
(236, '233-034', 57, 3, NULL),
(237, '233-034', 51, 1, NULL),
(238, '233-034', 52, 5, NULL),
(239, '233-034', 54, 3, NULL),
(240, '233-017', 39, 3, NULL),
(241, '233-017', 41, 3, NULL),
(242, '233-017', 55, 2, NULL),
(243, '233-017', 42, 3, NULL),
(244, '233-017', 43, 3, NULL),
(245, '233-017', 44, 3, NULL),
(246, '233-017', 45, 1, NULL),
(247, '233-017', 46, 1, NULL),
(248, '233-017', 47, 1, NULL),
(249, '233-017', 50, 3, NULL),
(250, '233-017', 56, 2, NULL),
(251, '233-017', 57, 1, NULL),
(252, '233-017', 51, 1, NULL),
(253, '233-017', 52, 3, NULL),
(254, '233-017', 54, 4, NULL),
(255, '233-022', 39, 2, NULL),
(256, '233-022', 41, 2, NULL),
(257, '233-022', 55, 2, NULL),
(258, '233-022', 42, 2, NULL),
(259, '233-022', 43, 3, NULL),
(260, '233-022', 44, 5, NULL),
(261, '233-022', 45, 2, NULL),
(262, '233-022', 46, 2, NULL),
(263, '233-022', 47, 5, NULL),
(264, '233-022', 50, 2, NULL),
(265, '233-022', 56, 2, NULL),
(266, '233-022', 57, 3, NULL),
(267, '233-022', 51, 3, NULL),
(268, '233-022', 52, 4, NULL),
(269, '233-022', 54, 3, NULL),
(270, '233-037', 39, 3, NULL),
(271, '233-037', 41, 3, NULL),
(272, '233-037', 55, 2, NULL),
(273, '233-037', 42, 3, NULL),
(274, '233-037', 43, 2, NULL),
(275, '233-037', 44, 2, NULL),
(276, '233-037', 45, 2, NULL),
(277, '233-037', 46, 2, NULL),
(278, '233-037', 47, 2, NULL),
(279, '233-037', 50, 1, NULL),
(280, '233-037', 56, 2, NULL),
(281, '233-037', 57, 1, NULL),
(282, '233-037', 51, 1, NULL),
(283, '233-037', 52, 4, NULL),
(284, '233-037', 54, 2, NULL),
(285, '233-006', 39, 3, NULL),
(286, '233-006', 41, 4, NULL),
(287, '233-006', 55, 3, NULL),
(288, '233-006', 42, 3, NULL),
(289, '233-006', 43, 3, NULL),
(290, '233-006', 44, 2, NULL),
(291, '233-006', 45, 2, NULL),
(292, '233-006', 46, 4, NULL),
(293, '233-006', 47, 2, NULL),
(294, '233-006', 50, 3, NULL),
(295, '233-006', 56, 3, NULL),
(296, '233-006', 57, 1, NULL),
(297, '233-006', 51, 1, NULL),
(298, '233-006', 52, 2, NULL),
(299, '233-006', 54, 2, NULL),
(300, '233-020', 39, 3, NULL),
(301, '233-020', 41, 3, NULL),
(302, '233-020', 55, 3, NULL),
(303, '233-020', 42, 3, NULL),
(304, '233-020', 43, 3, NULL),
(305, '233-020', 44, 1, NULL),
(306, '233-020', 45, 4, NULL),
(307, '233-020', 46, 4, NULL),
(308, '233-020', 47, 2, NULL),
(309, '233-020', 50, 1, NULL),
(310, '233-020', 56, 3, NULL),
(311, '233-020', 57, 1, NULL),
(312, '233-020', 51, 5, NULL),
(313, '233-020', 52, 3, NULL),
(314, '233-020', 54, 3, NULL),
(315, '233042', 39, 1, NULL),
(316, '233042', 41, 1, NULL),
(317, '233042', 55, 1, NULL),
(318, '233042', 42, 3, NULL),
(319, '233042', 43, 1, NULL),
(320, '233042', 44, 2, NULL),
(321, '233042', 45, 2, NULL),
(322, '233042', 46, 1, NULL),
(323, '233042', 47, 2, NULL),
(324, '233042', 50, 2, NULL),
(325, '233042', 56, 2, NULL),
(326, '233042', 57, 2, NULL),
(327, '233042', 51, 2, NULL),
(328, '233042', 52, 2, NULL),
(329, '233042', 54, 2, NULL),
(330, '0088930311', 39, 1, NULL),
(331, '0088930311', 41, 3, NULL),
(332, '0088930311', 55, 5, NULL),
(333, '0088930311', 42, 3, NULL),
(334, '0088930311', 43, 4, NULL),
(335, '0088930311', 44, 5, NULL),
(336, '0088930311', 45, 1, NULL),
(337, '0088930311', 46, 5, NULL),
(338, '0088930311', 47, 1, NULL),
(339, '0088930311', 50, 2, NULL),
(340, '0088930311', 56, 1, NULL),
(341, '0088930311', 57, 5, NULL),
(342, '0088930311', 51, 5, NULL),
(343, '0088930311', 52, 5, NULL),
(344, '0088930311', 54, 1, NULL),
(345, '233-023', 39, 2, NULL),
(346, '233-023', 41, 4, NULL),
(347, '233-023', 55, 5, NULL),
(348, '233-023', 42, 3, NULL),
(349, '233-023', 43, 1, NULL),
(350, '233-023', 44, 3, NULL),
(351, '233-023', 45, 5, NULL),
(352, '233-023', 46, 1, NULL),
(353, '233-023', 47, 1, NULL),
(354, '233-023', 50, 1, NULL),
(355, '233-023', 56, 4, NULL),
(356, '233-023', 57, 1, NULL),
(357, '233-023', 51, 1, NULL),
(358, '233-023', 52, 5, NULL),
(359, '233-023', 54, 1, NULL),
(360, '233-030', 39, 5, NULL),
(361, '233-030', 41, 1, NULL),
(362, '233-030', 55, 3, NULL),
(363, '233-030', 42, 5, NULL),
(364, '233-030', 43, 5, NULL),
(365, '233-030', 44, 5, NULL),
(366, '233-030', 45, 4, NULL),
(367, '233-030', 46, 3, NULL),
(368, '233-030', 47, 1, NULL),
(369, '233-030', 50, 3, NULL),
(370, '233-030', 56, 3, NULL),
(371, '233-030', 57, 2, NULL),
(372, '233-030', 51, 2, NULL),
(373, '233-030', 52, 1, NULL),
(374, '233-030', 54, 3, NULL),
(375, '233-012', 39, 3, NULL),
(376, '233-012', 41, 3, NULL),
(377, '233-012', 55, 3, NULL),
(378, '233-012', 42, 4, NULL),
(379, '233-012', 43, 4, NULL),
(380, '233-012', 44, 2, NULL),
(381, '233-012', 45, 4, NULL),
(382, '233-012', 46, 4, NULL),
(383, '233-012', 47, 4, NULL),
(384, '233-012', 50, 3, NULL),
(385, '233-012', 56, 2, NULL),
(386, '233-012', 57, 4, NULL),
(387, '233-012', 51, 1, NULL),
(388, '233-012', 52, 3, NULL),
(389, '233-012', 54, 3, NULL),
(390, '242012', 39, 1, NULL),
(391, '242012', 41, 3, NULL),
(392, '242012', 55, 4, NULL),
(393, '242012', 42, 3, NULL),
(394, '242012', 43, 4, NULL),
(395, '242012', 44, 1, NULL),
(396, '242012', 45, 2, NULL),
(397, '242012', 46, 2, NULL),
(398, '242012', 47, 1, NULL),
(399, '242012', 50, 1, NULL),
(400, '242012', 56, 1, NULL),
(401, '242012', 57, 1, NULL),
(402, '242012', 51, 1, NULL),
(403, '242012', 52, 4, NULL),
(404, '242012', 54, 3, NULL),
(405, '242020', 39, 2, NULL),
(406, '242020', 41, 3, NULL),
(407, '242020', 55, 1, NULL),
(408, '242020', 42, 1, NULL),
(409, '242020', 43, 5, NULL),
(410, '242020', 44, 2, NULL),
(411, '242020', 45, 3, NULL),
(412, '242020', 46, 3, NULL),
(413, '242020', 47, 2, NULL),
(414, '242020', 50, 3, NULL),
(415, '242020', 56, 2, NULL),
(416, '242020', 57, 3, NULL),
(417, '242020', 51, 1, NULL),
(418, '242020', 52, 1, NULL),
(419, '242020', 54, 3, NULL),
(420, '242-003', 39, 2, NULL),
(421, '242-003', 41, 2, NULL),
(422, '242-003', 55, 2, NULL),
(423, '242-003', 42, 2, NULL),
(424, '242-003', 43, 3, NULL),
(425, '242-003', 44, 3, 'saya jarang bermain roblox'),
(426, '242-003', 45, 2, NULL),
(427, '242-003', 46, 2, NULL),
(428, '242-003', 47, 3, NULL),
(429, '242-003', 50, 1, NULL),
(430, '242-003', 56, 2, NULL),
(431, '242-003', 57, 2, NULL),
(432, '242-003', 51, 3, NULL),
(433, '242-003', 52, 3, NULL),
(434, '242-003', 54, 3, NULL),
(435, '242-014', 39, 3, NULL),
(436, '242-014', 41, 5, NULL),
(437, '242-014', 55, 5, NULL),
(438, '242-014', 42, 4, NULL),
(439, '242-014', 43, 3, NULL),
(440, '242-014', 44, 5, NULL),
(441, '242-014', 45, 5, NULL),
(442, '242-014', 46, 5, NULL),
(443, '242-014', 47, 5, NULL),
(444, '242-014', 50, 5, NULL),
(445, '242-014', 56, 5, NULL),
(446, '242-014', 57, 5, NULL),
(447, '242-014', 51, 5, NULL),
(448, '242-014', 52, 5, NULL),
(449, '242-014', 54, 5, NULL),
(450, '242034', 39, 1, NULL),
(451, '242034', 41, 1, NULL),
(452, '242034', 55, 1, NULL),
(453, '242034', 42, 1, NULL),
(454, '242034', 43, 1, NULL),
(455, '242034', 44, 1, 'gk ada'),
(456, '242034', 45, 1, NULL),
(457, '242034', 46, 1, NULL),
(458, '242034', 47, 5, NULL),
(459, '242034', 50, 1, NULL),
(460, '242034', 56, 1, NULL),
(461, '242034', 57, 1, NULL),
(462, '242034', 51, 1, NULL),
(463, '242034', 52, 1, NULL),
(464, '242034', 54, 1, NULL),
(465, '242019', 39, 3, NULL),
(466, '242019', 41, 4, NULL),
(467, '242019', 55, 4, NULL),
(468, '242019', 42, 2, NULL),
(469, '242019', 43, 5, NULL),
(470, '242019', 44, 3, 'tidak ada pengalaman'),
(471, '242019', 45, 5, NULL),
(472, '242019', 46, 3, NULL),
(473, '242019', 47, 4, NULL),
(474, '242019', 50, 4, NULL),
(475, '242019', 56, 4, NULL),
(476, '242019', 57, 3, NULL),
(477, '242019', 51, 3, NULL),
(478, '242019', 52, 2, NULL),
(479, '242019', 54, 2, NULL),
(480, '242-001', 39, 5, NULL),
(481, '242-001', 41, 3, NULL),
(482, '242-001', 55, 3, NULL),
(483, '242-001', 42, 3, NULL),
(484, '242-001', 43, 5, NULL),
(485, '242-001', 44, 3, 'kalo di ajak gobrol saya hanya akan menjawab'),
(486, '242-001', 45, 3, NULL),
(487, '242-001', 46, 4, NULL),
(488, '242-001', 47, 2, NULL),
(489, '242-001', 50, 1, 'tidak pernah karena informasi pribadi'),
(490, '242-001', 56, 2, 'engga pernah'),
(491, '242-001', 57, 2, NULL),
(492, '242-001', 51, 3, NULL),
(493, '242-001', 52, 3, NULL),
(494, '242-001', 54, 3, NULL),
(495, '242-015', 39, 1, NULL),
(496, '242-015', 41, 1, NULL),
(497, '242-015', 55, 1, NULL),
(498, '242-015', 42, 1, NULL),
(499, '242-015', 43, 1, NULL),
(500, '242-015', 44, 1, NULL),
(501, '242-015', 45, 1, NULL),
(502, '242-015', 46, 1, NULL),
(503, '242-015', 47, 1, NULL),
(504, '242-015', 50, 1, NULL),
(505, '242-015', 56, 1, NULL),
(506, '242-015', 57, 1, NULL),
(507, '242-015', 51, 1, NULL),
(508, '242-015', 52, 1, NULL),
(509, '242-015', 54, 1, NULL),
(510, '242-002', 39, 3, NULL),
(511, '242-002', 41, 3, NULL),
(512, '242-002', 55, 3, NULL),
(513, '242-002', 42, 2, NULL),
(514, '242-002', 43, 3, NULL),
(515, '242-002', 44, 3, 'Seseorang biasa mengajarkan saya bermain game yang baru saya maini.'),
(516, '242-002', 45, 3, NULL),
(517, '242-002', 46, 2, NULL),
(518, '242-002', 47, 2, NULL),
(519, '242-002', 50, 2, NULL),
(520, '242-002', 56, 2, NULL),
(521, '242-002', 57, 2, NULL),
(522, '242-002', 51, 2, NULL),
(523, '242-002', 52, 2, NULL),
(524, '242-002', 54, 2, NULL),
(525, '242016', 39, 3, NULL),
(526, '242016', 41, 3, NULL),
(527, '242016', 55, 5, NULL),
(528, '242016', 42, 3, NULL),
(529, '242016', 43, 4, NULL),
(530, '242016', 44, 5, NULL),
(531, '242016', 45, 5, NULL),
(532, '242016', 46, 5, NULL),
(533, '242016', 47, 5, NULL),
(534, '242016', 50, 5, NULL),
(535, '242016', 56, 5, NULL),
(536, '242016', 57, 3, NULL),
(537, '242016', 51, 4, NULL),
(538, '242016', 52, 5, NULL),
(539, '242016', 54, 4, NULL),
(540, '242-030', 39, 1, NULL),
(541, '242-030', 41, 1, NULL),
(542, '242-030', 55, 1, NULL),
(543, '242-030', 42, 2, NULL),
(544, '242-030', 43, 3, NULL),
(545, '242-030', 44, 5, NULL),
(546, '242-030', 45, 1, NULL),
(547, '242-030', 46, 4, NULL),
(548, '242-030', 47, 4, NULL),
(549, '242-030', 50, 1, NULL),
(550, '242-030', 56, 1, NULL),
(551, '242-030', 57, 1, NULL),
(552, '242-030', 51, 3, NULL),
(553, '242-030', 52, 2, NULL),
(554, '242-030', 54, 3, NULL),
(555, '242026', 39, 3, NULL),
(556, '242026', 41, 3, NULL),
(557, '242026', 55, 2, NULL),
(558, '242026', 42, 2, NULL),
(559, '242026', 43, 3, NULL),
(560, '242026', 44, 1, NULL),
(561, '242026', 45, 1, NULL),
(562, '242026', 46, 1, NULL),
(563, '242026', 47, 1, NULL),
(564, '242026', 50, 1, NULL),
(565, '242026', 56, 1, NULL),
(566, '242026', 57, 1, NULL),
(567, '242026', 51, 2, NULL),
(568, '242026', 52, 1, 'one time, aku pernah dibilangin gabisa main, tapi jujurly ga gitu peduli sih'),
(569, '242026', 54, 2, NULL),
(570, '242-036', 39, 3, NULL),
(571, '242-036', 41, 2, NULL),
(572, '242-036', 55, 3, NULL),
(573, '242-036', 42, 3, NULL),
(574, '242-036', 43, 4, NULL),
(575, '242-036', 44, 3, NULL),
(576, '242-036', 45, 1, NULL),
(577, '242-036', 46, 1, NULL),
(578, '242-036', 47, 3, NULL),
(579, '242-036', 50, 3, NULL),
(580, '242-036', 56, 2, NULL),
(581, '242-036', 57, 1, NULL),
(582, '242-036', 51, 3, NULL),
(583, '242-036', 52, 3, NULL),
(584, '242-036', 54, 3, NULL),
(585, '242022', 39, 3, NULL),
(586, '242022', 41, 4, NULL),
(587, '242022', 55, 3, NULL),
(588, '242022', 42, 3, NULL),
(589, '242022', 43, 2, NULL),
(590, '242022', 44, 4, NULL),
(591, '242022', 45, 4, NULL),
(592, '242022', 46, 4, NULL),
(593, '242022', 47, 5, NULL),
(594, '242022', 50, 3, NULL),
(595, '242022', 56, 5, NULL),
(596, '242022', 57, 3, NULL),
(597, '242022', 51, 3, NULL),
(598, '242022', 52, 3, NULL),
(599, '242022', 54, 3, NULL),
(600, '242018', 39, 3, NULL),
(601, '242018', 41, 3, NULL),
(602, '242018', 55, 3, NULL),
(603, '242018', 42, 3, NULL),
(604, '242018', 43, 3, NULL),
(605, '242018', 44, 3, NULL),
(606, '242018', 45, 4, NULL),
(607, '242018', 46, 3, NULL),
(608, '242018', 47, 3, NULL),
(609, '242018', 50, 3, NULL),
(610, '242018', 56, 3, NULL),
(611, '242018', 57, 3, NULL),
(612, '242018', 51, 1, NULL),
(613, '242018', 52, 3, NULL),
(614, '242018', 54, 1, NULL),
(615, '242021', 39, 1, NULL),
(616, '242021', 41, 1, NULL),
(617, '242021', 55, 1, NULL),
(618, '242021', 42, 1, NULL),
(619, '242021', 43, 1, NULL),
(620, '242021', 44, 1, NULL),
(621, '242021', 45, 1, NULL),
(622, '242021', 46, 1, NULL),
(623, '242021', 47, 1, NULL),
(624, '242021', 50, 1, NULL),
(625, '242021', 56, 1, NULL),
(626, '242021', 57, 1, NULL),
(627, '242021', 51, 1, NULL),
(628, '242021', 52, 3, NULL),
(629, '242021', 54, 1, NULL),
(630, '242-010', 39, 1, NULL),
(631, '242-010', 41, 1, NULL),
(632, '242-010', 55, 1, NULL),
(633, '242-010', 42, 1, NULL),
(634, '242-010', 43, 1, NULL),
(635, '242-010', 44, 1, NULL),
(636, '242-010', 45, 1, NULL),
(637, '242-010', 46, 1, NULL),
(638, '242-010', 47, 1, NULL),
(639, '242-010', 50, 1, NULL),
(640, '242-010', 56, 1, NULL),
(641, '242-010', 57, 1, NULL),
(642, '242-010', 51, 1, NULL),
(643, '242-010', 52, 1, NULL),
(644, '242-010', 54, 1, NULL),
(645, '242023', 39, 4, NULL),
(646, '242023', 41, 3, NULL),
(647, '242023', 55, 1, NULL),
(648, '242023', 42, 3, NULL),
(649, '242023', 43, 1, NULL),
(650, '242023', 44, 4, NULL),
(651, '242023', 45, 3, NULL),
(652, '242023', 46, 1, NULL),
(653, '242023', 47, 3, NULL),
(654, '242023', 50, 2, NULL),
(655, '242023', 56, 3, NULL),
(656, '242023', 57, 2, NULL),
(657, '242023', 51, 4, NULL),
(658, '242023', 52, 2, NULL),
(659, '242023', 54, 1, NULL),
(660, '242-035', 39, 2, NULL),
(661, '242-035', 41, 3, NULL),
(662, '242-035', 55, 1, NULL),
(663, '242-035', 42, 4, NULL),
(664, '242-035', 43, 5, NULL),
(665, '242-035', 44, 1, 'Buat apa di pedulikan?'),
(666, '242-035', 45, 1, NULL),
(667, '242-035', 46, 3, NULL),
(668, '242-035', 47, 1, NULL),
(669, '242-035', 50, 1, 'no'),
(670, '242-035', 56, 1, 'no'),
(671, '242-035', 57, 1, NULL),
(672, '242-035', 51, 2, NULL),
(673, '242-035', 52, 3, NULL),
(674, '242-035', 54, 1, NULL),
(675, '242-029', 39, 1, NULL),
(676, '242-029', 41, 1, NULL),
(677, '242-029', 55, 1, NULL),
(678, '242-029', 42, 1, NULL),
(679, '242-029', 43, 1, NULL),
(680, '242-029', 44, 1, NULL),
(681, '242-029', 45, 1, NULL),
(682, '242-029', 46, 1, NULL),
(683, '242-029', 47, 1, NULL),
(684, '242-029', 50, 1, NULL),
(685, '242-029', 56, 1, NULL),
(686, '242-029', 57, 1, NULL),
(687, '242-029', 51, 1, NULL),
(688, '242-029', 52, 1, NULL),
(689, '242-029', 54, 1, NULL),
(690, '242028', 39, 3, NULL),
(691, '242028', 41, 3, NULL),
(692, '242028', 55, 3, NULL),
(693, '242028', 42, 2, NULL),
(694, '242028', 43, 4, NULL),
(695, '242028', 44, 2, NULL),
(696, '242028', 45, 4, NULL),
(697, '242028', 46, 2, NULL),
(698, '242028', 47, 2, NULL),
(699, '242028', 50, 1, NULL),
(700, '242028', 56, 1, NULL),
(701, '242028', 57, 1, NULL),
(702, '242028', 51, 2, NULL),
(703, '242028', 52, 3, NULL),
(704, '242028', 54, 2, NULL),
(705, '242031', 39, 1, NULL),
(706, '242031', 41, 1, NULL),
(707, '242031', 55, 1, NULL),
(708, '242031', 42, 1, NULL),
(709, '242031', 43, 1, NULL),
(710, '242031', 44, 1, 'nda ada'),
(711, '242031', 45, 1, NULL),
(712, '242031', 46, 1, NULL),
(713, '242031', 47, 1, NULL),
(714, '242031', 50, 1, NULL),
(715, '242031', 56, 1, NULL),
(716, '242031', 57, 1, NULL),
(717, '242031', 51, 1, NULL),
(718, '242031', 52, 1, NULL),
(719, '242031', 54, 1, NULL),
(720, '242-033', 39, 1, NULL),
(721, '242-033', 41, 1, NULL),
(722, '242-033', 55, 1, NULL),
(723, '242-033', 42, 1, NULL),
(724, '242-033', 43, 1, NULL),
(725, '242-033', 44, 1, NULL),
(726, '242-033', 45, 1, NULL),
(727, '242-033', 46, 1, NULL),
(728, '242-033', 47, 1, NULL),
(729, '242-033', 50, 1, NULL),
(730, '242-033', 56, 1, NULL),
(731, '242-033', 57, 1, NULL),
(732, '242-033', 51, 1, NULL),
(733, '242-033', 52, 1, NULL),
(734, '242-033', 54, 1, NULL),
(735, '242004', 39, 3, NULL),
(736, '242004', 41, 3, NULL),
(737, '242004', 55, 3, NULL),
(738, '242004', 42, 2, NULL),
(739, '242004', 43, 1, NULL),
(740, '242004', 44, 2, NULL),
(741, '242004', 45, 3, NULL),
(742, '242004', 46, 3, NULL),
(743, '242004', 47, 4, NULL),
(744, '242004', 50, 5, NULL),
(745, '242004', 56, 5, NULL),
(746, '242004', 57, 5, NULL),
(747, '242004', 51, 5, NULL),
(748, '242004', 52, 4, NULL),
(749, '242004', 54, 5, NULL),
(750, '242-006', 39, 3, NULL),
(751, '242-006', 41, 3, NULL),
(752, '242-006', 55, 4, NULL),
(753, '242-006', 42, 2, NULL),
(754, '242-006', 43, 5, NULL),
(755, '242-006', 44, 3, 'saya biasa menanggapi orang asing yang mengajak saya mengobrol'),
(756, '242-006', 45, 3, NULL),
(757, '242-006', 46, 2, NULL),
(758, '242-006', 47, 3, NULL),
(759, '242-006', 50, 2, NULL),
(760, '242-006', 56, 2, 'saya pernah sekali masuk ke dalam Discord, tapi untuk ibadah di dalam roblox'),
(761, '242-006', 57, 1, NULL),
(762, '242-006', 51, 2, NULL),
(763, '242-006', 52, 3, NULL),
(764, '242-006', 54, 2, NULL),
(765, '242-027', 39, 3, NULL),
(766, '242-027', 41, 3, NULL),
(767, '242-027', 55, 3, NULL),
(768, '242-027', 42, 3, NULL),
(769, '242-027', 43, 3, NULL),
(770, '242-027', 44, 3, 'Tidak pernah'),
(771, '242-027', 45, 3, NULL),
(772, '242-027', 46, 3, NULL),
(773, '242-027', 47, 2, NULL),
(774, '242-027', 50, 2, 'Tidak pernah'),
(775, '242-027', 56, 2, 'Tidak pernah'),
(776, '242-027', 57, 5, 'Pernah'),
(777, '242-027', 51, 4, NULL),
(778, '242-027', 52, 5, 'Tidak pernah'),
(779, '242-027', 54, 3, NULL),
(780, '242-011', 39, 3, NULL),
(781, '242-011', 41, 1, NULL),
(782, '242-011', 55, 4, NULL),
(783, '242-011', 42, 1, NULL),
(784, '242-011', 43, 1, NULL),
(785, '242-011', 44, 1, NULL),
(786, '242-011', 45, 1, NULL),
(787, '242-011', 46, 4, NULL),
(788, '242-011', 47, 3, NULL),
(789, '242-011', 50, 1, NULL),
(790, '242-011', 56, 1, NULL),
(791, '242-011', 57, 1, NULL),
(792, '242-011', 51, 1, NULL),
(793, '242-011', 52, 3, NULL),
(794, '242-011', 54, 1, NULL),
(795, '242-024', 39, 1, NULL),
(796, '242-024', 41, 1, NULL),
(797, '242-024', 55, 4, NULL),
(798, '242-024', 42, 1, NULL),
(799, '242-024', 43, 1, NULL),
(800, '242-024', 44, 1, NULL),
(801, '242-024', 45, 1, NULL),
(802, '242-024', 46, 4, NULL),
(803, '242-024', 47, 1, NULL),
(804, '242-024', 50, 1, NULL),
(805, '242-024', 56, 1, NULL),
(806, '242-024', 57, 1, NULL),
(807, '242-024', 51, 1, NULL),
(808, '242-024', 52, 4, NULL),
(809, '242-024', 54, 1, NULL),
(810, '242-007', 39, 3, NULL),
(811, '242-007', 41, 3, NULL),
(812, '242-007', 55, 3, NULL),
(813, '242-007', 42, 3, NULL),
(814, '242-007', 43, 3, NULL),
(815, '242-007', 44, 3, NULL),
(816, '242-007', 45, 3, NULL),
(817, '242-007', 46, 3, NULL),
(818, '242-007', 47, 3, NULL),
(819, '242-007', 50, 3, NULL),
(820, '242-007', 56, 3, NULL),
(821, '242-007', 57, 3, NULL),
(822, '242-007', 51, 3, NULL),
(823, '242-007', 52, 3, NULL),
(824, '242-007', 54, 3, NULL),
(825, '232-010', 39, 2, NULL),
(826, '232-010', 41, 4, NULL),
(827, '232-010', 55, 3, NULL),
(828, '232-010', 42, 3, NULL),
(829, '232-010', 43, 3, NULL),
(830, '232-010', 44, 1, NULL),
(831, '232-010', 45, 2, NULL),
(832, '232-010', 46, 3, NULL),
(833, '232-010', 47, 2, NULL),
(834, '232-010', 50, 2, NULL),
(835, '232-010', 56, 2, NULL),
(836, '232-010', 57, 2, NULL),
(837, '232-010', 51, 1, NULL),
(838, '232-010', 52, 3, NULL),
(839, '232-010', 54, 2, NULL),
(840, '232040', 39, 1, NULL),
(841, '232040', 41, 2, NULL),
(842, '232040', 55, 4, NULL),
(843, '232040', 42, 3, NULL),
(844, '232040', 43, 5, NULL),
(845, '232040', 44, 5, NULL),
(846, '232040', 45, 4, NULL),
(847, '232040', 46, 3, NULL),
(848, '232040', 47, 1, NULL),
(849, '232040', 50, 1, NULL),
(850, '232040', 56, 1, NULL),
(851, '232040', 57, 1, NULL),
(852, '232040', 51, 1, NULL),
(853, '232040', 52, 2, NULL),
(854, '232040', 54, 1, NULL),
(855, '232018', 39, 3, NULL),
(856, '232018', 41, 3, NULL),
(857, '232018', 55, 2, NULL),
(858, '232018', 42, 5, NULL),
(859, '232018', 43, 5, NULL),
(860, '232018', 44, 2, NULL),
(861, '232018', 45, 1, NULL),
(862, '232018', 46, 1, NULL),
(863, '232018', 47, 1, NULL),
(864, '232018', 50, 1, NULL),
(865, '232018', 56, 1, NULL),
(866, '232018', 57, 1, NULL),
(867, '232018', 51, 1, NULL),
(868, '232018', 52, 1, NULL),
(869, '232018', 54, 1, NULL),
(870, '232-017', 39, 1, NULL),
(871, '232-017', 41, 1, NULL),
(872, '232-017', 55, 1, NULL),
(873, '232-017', 42, 1, NULL),
(874, '232-017', 43, 1, NULL),
(875, '232-017', 44, 5, NULL),
(876, '232-017', 45, 1, NULL),
(877, '232-017', 46, 1, NULL),
(878, '232-017', 47, 5, NULL),
(879, '232-017', 50, 1, NULL),
(880, '232-017', 56, 1, NULL),
(881, '232-017', 57, 1, NULL),
(882, '232-017', 51, 5, NULL),
(883, '232-017', 52, 5, NULL),
(884, '232-017', 54, 1, NULL),
(885, '232-026', 39, 1, NULL),
(886, '232-026', 41, 1, NULL),
(887, '232-026', 55, 1, NULL),
(888, '232-026', 42, 1, NULL),
(889, '232-026', 43, 1, NULL),
(890, '232-026', 44, 5, NULL),
(891, '232-026', 45, 1, NULL),
(892, '232-026', 46, 1, NULL),
(893, '232-026', 47, 5, NULL),
(894, '232-026', 50, 1, NULL),
(895, '232-026', 56, 1, NULL),
(896, '232-026', 57, 1, NULL),
(897, '232-026', 51, 1, NULL),
(898, '232-026', 52, 5, NULL),
(899, '232-026', 54, 1, NULL),
(900, '232033', 39, 2, NULL),
(901, '232033', 41, 4, NULL),
(902, '232033', 55, 5, NULL),
(903, '232033', 42, 5, NULL),
(904, '232033', 43, 5, NULL),
(905, '232033', 44, 2, NULL),
(906, '232033', 45, 3, NULL),
(907, '232033', 46, 4, NULL),
(908, '232033', 47, 1, NULL),
(909, '232033', 50, 3, NULL),
(910, '232033', 56, 3, NULL),
(911, '232033', 57, 2, NULL),
(912, '232033', 51, 1, NULL),
(913, '232033', 52, 1, NULL),
(914, '232033', 54, 1, NULL),
(915, '232041', 39, 2, NULL),
(916, '232041', 41, 2, NULL),
(917, '232041', 55, 2, NULL),
(918, '232041', 42, 2, NULL),
(919, '232041', 43, 3, NULL),
(920, '232041', 44, 4, 'Saat saya bermain steal the brain rod, lalu saya mencuri salah satu brainrod seseorang lalu diapun melontarkan kata kata yang tak pantas, lalu sayapun melakukan report ke id tersbeut'),
(921, '232041', 45, 1, NULL),
(922, '232041', 46, 3, NULL),
(923, '232041', 47, 4, NULL),
(924, '232041', 50, 1, 'tak pernah'),
(925, '232041', 56, 1, NULL),
(926, '232041', 57, 2, NULL),
(927, '232041', 51, 4, NULL),
(928, '232041', 52, 2, NULL),
(929, '232041', 54, 3, NULL),
(930, '232023', 39, 3, NULL),
(931, '232023', 41, 2, NULL),
(932, '232023', 55, 2, NULL),
(933, '232023', 42, 2, NULL),
(934, '232023', 43, 2, NULL),
(935, '232023', 44, 2, NULL),
(936, '232023', 45, 3, NULL),
(937, '232023', 46, 3, NULL),
(938, '232023', 47, 4, NULL),
(939, '232023', 50, 2, NULL),
(940, '232023', 56, 2, NULL),
(941, '232023', 57, 3, NULL),
(942, '232023', 51, 4, NULL),
(943, '232023', 52, 2, NULL),
(944, '232023', 54, 3, NULL),
(945, '232014', 39, 5, NULL),
(946, '232014', 41, 3, NULL),
(947, '232014', 55, 2, NULL),
(948, '232014', 42, 3, NULL),
(949, '232014', 43, 3, NULL),
(950, '232014', 44, 3, NULL),
(951, '232014', 45, 1, NULL),
(952, '232014', 46, 1, NULL),
(953, '232014', 47, 2, NULL),
(954, '232014', 50, 1, NULL),
(955, '232014', 56, 1, NULL),
(956, '232014', 57, 1, NULL),
(957, '232014', 51, 1, NULL),
(958, '232014', 52, 1, NULL),
(959, '232014', 54, 2, NULL),
(960, '232-029', 39, 1, NULL),
(961, '232-029', 41, 1, NULL),
(962, '232-029', 55, 1, NULL),
(963, '232-029', 42, 1, NULL),
(964, '232-029', 43, 1, NULL),
(965, '232-029', 44, 1, NULL),
(966, '232-029', 45, 1, NULL),
(967, '232-029', 46, 1, NULL),
(968, '232-029', 47, 1, NULL),
(969, '232-029', 50, 1, NULL),
(970, '232-029', 56, 1, NULL),
(971, '232-029', 57, 1, NULL),
(972, '232-029', 51, 5, NULL),
(973, '232-029', 52, 2, NULL),
(974, '232-029', 54, 1, NULL),
(975, '232019', 39, 2, NULL),
(976, '232019', 41, 3, NULL),
(977, '232019', 55, 3, NULL),
(978, '232019', 42, 2, NULL),
(979, '232019', 43, 2, NULL),
(980, '232019', 44, 2, 'Maaf tidak ada'),
(981, '232019', 45, 5, NULL),
(982, '232019', 46, 3, NULL),
(983, '232019', 47, 4, NULL),
(984, '232019', 50, 2, 'Jujur Tidak pernah'),
(985, '232019', 56, 2, 'saya main solo'),
(986, '232019', 57, 2, 'saya tidak rasis'),
(987, '232019', 51, 1, NULL),
(988, '232019', 52, 5, 'banyak yang bilang begitu'),
(989, '232019', 54, 1, NULL),
(990, '232009', 39, 2, NULL),
(991, '232009', 41, 3, NULL),
(992, '232009', 55, 3, NULL),
(993, '232009', 42, 4, NULL),
(994, '232009', 43, 4, NULL),
(995, '232009', 44, 1, 'maaf tidak ada'),
(996, '232009', 45, 2, NULL),
(997, '232009', 46, 4, NULL),
(998, '232009', 47, 1, NULL),
(999, '232009', 50, 1, 'jujur, tidak pernah'),
(1000, '232009', 56, 1, 'tidak pernah'),
(1001, '232009', 57, 1, 'tidak pernah'),
(1002, '232009', 51, 1, NULL),
(1003, '232009', 52, 2, 'tidak setuju'),
(1004, '232009', 54, 1, NULL),
(1005, '232043', 39, 3, NULL),
(1006, '232043', 41, 2, NULL),
(1007, '232043', 55, 4, NULL),
(1008, '232043', 42, 2, NULL),
(1009, '232043', 43, 3, NULL),
(1010, '232043', 44, 3, NULL),
(1011, '232043', 45, 4, NULL),
(1012, '232043', 46, 2, NULL),
(1013, '232043', 47, 2, NULL),
(1014, '232043', 50, 3, NULL),
(1015, '232043', 56, 2, NULL),
(1016, '232043', 57, 4, NULL),
(1017, '232043', 51, 3, NULL),
(1018, '232043', 52, 3, NULL),
(1019, '232043', 54, 1, NULL),
(1020, '232-004', 39, 3, NULL),
(1021, '232-004', 41, 3, NULL),
(1022, '232-004', 55, 5, NULL),
(1023, '232-004', 42, 5, NULL),
(1024, '232-004', 43, 5, NULL),
(1025, '232-004', 44, 1, NULL),
(1026, '232-004', 45, 5, NULL),
(1027, '232-004', 46, 4, NULL),
(1028, '232-004', 47, 1, NULL),
(1029, '232-004', 50, 1, NULL),
(1030, '232-004', 56, 1, NULL),
(1031, '232-004', 57, 1, NULL),
(1032, '232-004', 51, 1, NULL),
(1033, '232-004', 52, 1, NULL),
(1034, '232-004', 54, 1, NULL),
(1035, '232-044', 39, 1, NULL),
(1036, '232-044', 41, 1, NULL),
(1037, '232-044', 55, 3, NULL),
(1038, '232-044', 42, 4, NULL),
(1039, '232-044', 43, 3, NULL),
(1040, '232-044', 44, 1, NULL),
(1041, '232-044', 45, 1, NULL),
(1042, '232-044', 46, 1, NULL),
(1043, '232-044', 47, 3, NULL),
(1044, '232-044', 50, 2, NULL),
(1045, '232-044', 56, 2, NULL),
(1046, '232-044', 57, 1, NULL),
(1047, '232-044', 51, 3, NULL),
(1048, '232-044', 52, 4, NULL),
(1049, '232-044', 54, 1, NULL),
(1050, '232001', 39, 2, NULL),
(1051, '232001', 41, 2, NULL),
(1052, '232001', 55, 3, NULL),
(1053, '232001', 42, 2, NULL),
(1054, '232001', 43, 2, NULL),
(1055, '232001', 44, 3, NULL),
(1056, '232001', 45, 2, NULL),
(1057, '232001', 46, 4, NULL),
(1058, '232001', 47, 4, NULL),
(1059, '232001', 50, 1, NULL),
(1060, '232001', 56, 2, NULL),
(1061, '232001', 57, 2, NULL),
(1062, '232001', 51, 2, NULL),
(1063, '232001', 52, 2, NULL),
(1064, '232001', 54, 3, NULL),
(1065, '232030', 39, 4, NULL),
(1066, '232030', 41, 5, NULL),
(1067, '232030', 55, 2, NULL),
(1068, '232030', 42, 3, NULL),
(1069, '232030', 43, 4, NULL),
(1070, '232030', 44, 3, NULL),
(1071, '232030', 45, 5, NULL),
(1072, '232030', 46, 3, NULL),
(1073, '232030', 47, 3, NULL),
(1074, '232030', 50, 5, NULL),
(1075, '232030', 56, 5, NULL),
(1076, '232030', 57, 4, NULL),
(1077, '232030', 51, 3, NULL),
(1078, '232030', 52, 2, NULL),
(1079, '232030', 54, 3, NULL),
(1080, '232031', 39, 2, NULL),
(1081, '232031', 41, 2, NULL),
(1082, '232031', 55, 2, NULL),
(1083, '232031', 42, 2, NULL),
(1084, '232031', 43, 3, NULL),
(1085, '232031', 44, 2, NULL),
(1086, '232031', 45, 1, NULL),
(1087, '232031', 46, 2, NULL),
(1088, '232031', 47, 3, NULL),
(1089, '232031', 50, 1, NULL),
(1090, '232031', 56, 1, NULL),
(1091, '232031', 57, 1, NULL),
(1092, '232031', 51, 2, NULL),
(1093, '232031', 52, 2, NULL),
(1094, '232031', 54, 2, NULL),
(1095, '232042', 39, 2, NULL),
(1096, '232042', 41, 2, NULL),
(1097, '232042', 55, 2, NULL),
(1098, '232042', 42, 3, NULL),
(1099, '232042', 43, 2, NULL),
(1100, '232042', 44, 1, NULL),
(1101, '232042', 45, 2, NULL),
(1102, '232042', 46, 2, NULL),
(1103, '232042', 47, 2, NULL),
(1104, '232042', 50, 2, NULL),
(1105, '232042', 56, 2, NULL),
(1106, '232042', 57, 2, NULL),
(1107, '232042', 51, 3, NULL),
(1108, '232042', 52, 2, NULL),
(1109, '232042', 54, 3, NULL),
(1110, '232-032', 39, 3, NULL),
(1111, '232-032', 41, 2, NULL),
(1112, '232-032', 55, 1, NULL),
(1113, '232-032', 42, 2, NULL),
(1114, '232-032', 43, 1, NULL),
(1115, '232-032', 44, 1, NULL),
(1116, '232-032', 45, 1, NULL),
(1117, '232-032', 46, 2, NULL),
(1118, '232-032', 47, 1, NULL),
(1119, '232-032', 50, 1, NULL),
(1120, '232-032', 56, 1, NULL),
(1121, '232-032', 57, 1, NULL),
(1122, '232-032', 51, 1, NULL),
(1123, '232-032', 52, 1, NULL),
(1124, '232-032', 54, 1, NULL),
(1125, '232024', 39, 5, NULL),
(1126, '232024', 41, 2, NULL),
(1127, '232024', 55, 2, NULL),
(1128, '232024', 42, 2, NULL),
(1129, '232024', 43, 5, NULL),
(1130, '232024', 44, 1, 'Saya berteman dengan orang random di roblox lalu add friend discord dia. Setelah itu tiap hari kita mabar'),
(1131, '232024', 45, 5, NULL),
(1132, '232024', 46, 4, NULL),
(1133, '232024', 47, 5, NULL),
(1134, '232024', 50, 4, 'Saya biasanya memberi id discord saya lalu setelah itu kita mabar'),
(1135, '232024', 56, 5, 'Teman Roblox saya mengajak saya ke dalam server discordnya. Saya ketemu banyak teman mabar disana'),
(1136, '232024', 57, 2, NULL),
(1137, '232024', 51, 1, NULL),
(1138, '232024', 52, 3, 'Tergantung situasi selain itu saya netral'),
(1139, '232024', 54, 2, NULL),
(1140, '232-005', 39, 1, NULL),
(1141, '232-005', 41, 2, NULL),
(1142, '232-005', 55, 3, NULL),
(1143, '232-005', 42, 3, NULL),
(1144, '232-005', 43, 2, NULL),
(1145, '232-005', 44, 1, NULL),
(1146, '232-005', 45, 3, NULL),
(1147, '232-005', 46, 3, NULL),
(1148, '232-005', 47, 4, NULL),
(1149, '232-005', 50, 1, NULL),
(1150, '232-005', 56, 3, NULL),
(1151, '232-005', 57, 1, NULL),
(1152, '232-005', 51, 1, NULL),
(1153, '232-005', 52, 3, NULL),
(1154, '232-005', 54, 3, NULL),
(1155, '232-028', 39, 1, NULL),
(1156, '232-028', 41, 1, NULL),
(1157, '232-028', 55, 1, NULL),
(1158, '232-028', 42, 1, NULL),
(1159, '232-028', 43, 1, NULL),
(1160, '232-028', 44, 1, NULL),
(1161, '232-028', 45, 1, NULL),
(1162, '232-028', 46, 3, NULL),
(1163, '232-028', 47, 2, NULL),
(1164, '232-028', 50, 1, NULL),
(1165, '232-028', 56, 1, NULL),
(1166, '232-028', 57, 1, NULL),
(1167, '232-028', 51, 1, NULL),
(1168, '232-028', 52, 1, NULL),
(1169, '232-028', 54, 1, NULL),
(1170, '232-011', 39, 2, NULL),
(1171, '232-011', 41, 4, NULL),
(1172, '232-011', 55, 5, NULL),
(1173, '232-011', 42, 1, NULL),
(1174, '232-011', 43, 5, NULL),
(1175, '232-011', 44, 1, NULL),
(1176, '232-011', 45, 1, NULL),
(1177, '232-011', 46, 4, NULL),
(1178, '232-011', 47, 1, NULL),
(1179, '232-011', 50, 1, NULL),
(1180, '232-011', 56, 2, NULL),
(1181, '232-011', 57, 1, NULL),
(1182, '232-011', 51, 1, NULL),
(1183, '232-011', 52, 1, NULL),
(1184, '232-011', 54, 1, NULL),
(1185, '232021', 39, 1, NULL),
(1186, '232021', 41, 2, NULL),
(1187, '232021', 55, 1, NULL),
(1188, '232021', 42, 1, NULL),
(1189, '232021', 43, 5, NULL),
(1190, '232021', 44, 2, NULL),
(1191, '232021', 45, 2, NULL),
(1192, '232021', 46, 1, NULL),
(1193, '232021', 47, 3, NULL),
(1194, '232021', 50, 1, NULL),
(1195, '232021', 56, 1, NULL),
(1196, '232021', 57, 2, NULL),
(1197, '232021', 51, 3, NULL),
(1198, '232021', 52, 1, NULL),
(1199, '232021', 54, 1, NULL),
(1200, '232-025', 39, 2, NULL),
(1201, '232-025', 41, 2, NULL),
(1202, '232-025', 55, 3, NULL),
(1203, '232-025', 42, 3, NULL),
(1204, '232-025', 43, 3, NULL),
(1205, '232-025', 44, 4, NULL),
(1206, '232-025', 45, 2, NULL),
(1207, '232-025', 46, 3, NULL),
(1208, '232-025', 47, 3, NULL),
(1209, '232-025', 50, 2, NULL),
(1210, '232-025', 56, 2, NULL),
(1211, '232-025', 57, 2, NULL),
(1212, '232-025', 51, 2, NULL),
(1213, '232-025', 52, 2, NULL),
(1214, '232-025', 54, 2, NULL),
(1215, '232016', 39, 4, NULL),
(1216, '232016', 41, 4, NULL),
(1217, '232016', 55, 4, NULL),
(1218, '232016', 42, 2, NULL),
(1219, '232016', 43, 4, NULL),
(1220, '232016', 44, 3, 'Sejauh ini tidak pernah sihh'),
(1221, '232016', 45, 2, NULL),
(1222, '232016', 46, 1, NULL),
(1223, '232016', 47, 2, NULL),
(1224, '232016', 50, 2, 'Sejauh ini nd perhah sih'),
(1225, '232016', 56, 3, 'Tidak juga'),
(1226, '232016', 57, 3, NULL),
(1227, '232016', 51, 1, NULL),
(1228, '232016', 52, 1, 'Mengejek dan mengatakan skin nya miskin dasar bocil'),
(1229, '232016', 54, 1, NULL),
(1230, '232003', 39, 1, NULL),
(1231, '232003', 41, 1, NULL),
(1232, '232003', 55, 5, NULL),
(1233, '232003', 42, 4, NULL),
(1234, '232003', 43, 1, NULL),
(1235, '232003', 44, 5, NULL),
(1236, '232003', 45, 1, NULL),
(1237, '232003', 46, 4, NULL),
(1238, '232003', 47, 1, NULL),
(1239, '232003', 50, 5, NULL),
(1240, '232003', 56, 1, NULL),
(1241, '232003', 57, 4, NULL),
(1242, '232003', 51, 1, NULL),
(1243, '232003', 52, 5, NULL),
(1244, '232003', 54, 1, NULL),
(1245, '232034', 39, 3, NULL),
(1246, '232034', 41, 3, NULL),
(1247, '232034', 55, 3, NULL),
(1248, '232034', 42, 3, NULL),
(1249, '232034', 43, 3, NULL),
(1250, '232034', 44, 3, NULL),
(1251, '232034', 45, 3, NULL),
(1252, '232034', 46, 3, NULL),
(1253, '232034', 47, 3, NULL),
(1254, '232034', 50, 3, NULL),
(1255, '232034', 56, 3, NULL),
(1256, '232034', 57, 3, NULL),
(1257, '232034', 51, 3, NULL),
(1258, '232034', 52, 3, NULL),
(1259, '232034', 54, 3, NULL),
(1260, '232-020', 39, 4, NULL),
(1261, '232-020', 41, 4, NULL),
(1262, '232-020', 55, 4, NULL),
(1263, '232-020', 42, 5, NULL),
(1264, '232-020', 43, 3, NULL),
(1265, '232-020', 44, 3, NULL),
(1266, '232-020', 45, 2, NULL),
(1267, '232-020', 46, 2, NULL),
(1268, '232-020', 47, 3, NULL),
(1269, '232-020', 50, 3, NULL),
(1270, '232-020', 56, 3, NULL),
(1271, '232-020', 57, 1, NULL),
(1272, '232-020', 51, 1, NULL),
(1273, '232-020', 52, 1, NULL),
(1274, '232-020', 54, 3, NULL),
(1275, '2320002', 39, 2, NULL),
(1276, '2320002', 41, 3, NULL),
(1277, '2320002', 55, 1, NULL),
(1278, '2320002', 42, 2, NULL),
(1279, '2320002', 43, 3, NULL),
(1280, '2320002', 44, 3, NULL),
(1281, '2320002', 45, 5, NULL),
(1282, '2320002', 46, 2, NULL),
(1283, '2320002', 47, 1, NULL),
(1284, '2320002', 50, 1, NULL),
(1285, '2320002', 56, 2, NULL),
(1286, '2320002', 57, 1, NULL),
(1287, '2320002', 51, 3, NULL),
(1288, '2320002', 52, 4, NULL),
(1289, '2320002', 54, 3, NULL),
(1290, '232-035', 39, 2, NULL),
(1291, '232-035', 41, 4, NULL),
(1292, '232-035', 55, 4, NULL),
(1293, '232-035', 42, 1, NULL),
(1294, '232-035', 43, 3, NULL),
(1295, '232-035', 44, 1, NULL),
(1296, '232-035', 45, 1, NULL),
(1297, '232-035', 46, 4, NULL),
(1298, '232-035', 47, 1, NULL),
(1299, '232-035', 50, 1, NULL),
(1300, '232-035', 56, 1, NULL),
(1301, '232-035', 57, 1, NULL),
(1302, '232-035', 51, 1, NULL),
(1303, '232-035', 52, 1, NULL),
(1304, '232-035', 54, 1, NULL),
(1305, '233-001', 39, 4, NULL),
(1306, '233-001', 41, 4, NULL),
(1307, '233-001', 55, 3, NULL),
(1308, '233-001', 42, 3, NULL),
(1309, '233-001', 43, 4, NULL),
(1310, '233-001', 44, 2, 'ketika seseorang memberikan saya komentar kasar saya biasanya hanya diam saja'),
(1311, '233-001', 45, 4, NULL),
(1312, '233-001', 46, 5, NULL),
(1313, '233-001', 47, 1, NULL),
(1314, '233-001', 50, 4, 'ketika ada seseorang yang menurutku sudah sangat akrab, saya akan membagikan id discord saya ke dia'),
(1315, '233-001', 56, 4, 'saya selalu gabung ke server luar di discord untuk tambah-tambah pertemanan'),
(1316, '233-001', 57, 4, 'terkadang saya di ejek karena avatar yang saya gunakan terlihat murah dan jelek'),
(1317, '233-001', 51, 1, NULL),
(1318, '233-001', 52, 2, 'saya sudah terbiasa dengan komentar negatif'),
(1319, '233-001', 54, 4, NULL),
(1320, '232-007', 39, 4, NULL),
(1321, '232-007', 41, 5, NULL),
(1322, '232-007', 55, 3, NULL),
(1323, '232-007', 42, 4, NULL),
(1324, '232-007', 43, 4, NULL),
(1325, '232-007', 44, 4, 'saya pernah di ajak dengan orang asing untuk ketemuan secara nyata'),
(1326, '232-007', 45, 4, NULL),
(1327, '232-007', 46, 5, NULL),
(1328, '232-007', 47, 1, NULL),
(1329, '232-007', 50, 5, 'waktu itu saya sedang main sendiri dalam sebuah map roblox dan tiba-tiba ada orang asing yang tidak saya kenali mendekati saya dan menawarkan untuk bertukar nomor WA tapi saya tidak memberikannya karena saya takut terjadi apa-apa'),
(1330, '232-007', 56, 4, 'saya biasa di ajak orang lain untuk join ke server discord dan bagusnya server itu memberikan kesan yang positif'),
(1331, '232-007', 57, 1, 'saya tidak pernah mengejek orang lain'),
(1332, '232-007', 51, 1, NULL),
(1333, '232-007', 52, 2, 'saya sudah terbiasa dengan ejekan itu'),
(1334, '232-007', 54, 4, NULL),
(1335, '233-003', 39, 3, NULL),
(1336, '233-003', 41, 4, NULL),
(1337, '233-003', 55, 3, NULL),
(1338, '233-003', 42, 2, NULL),
(1339, '233-003', 43, 2, NULL),
(1340, '233-003', 44, 2, 'saya cuek saja ketika di ejek sama orang'),
(1341, '233-003', 45, 5, NULL),
(1342, '233-003', 46, 5, NULL),
(1343, '233-003', 47, 1, NULL),
(1344, '233-003', 50, 2, 'saya tidak pernah membagikan nomor ataupun id discord di roblox'),
(1345, '233-003', 56, 4, 'saya selalu di ajak untuk join discord tapi saya tidak mau'),
(1346, '233-003', 57, 2, 'saya tidak pernah mengejek seseorang, karena saya lihat semuanya sama saja bentuknya'),
(1347, '233-003', 51, 1, NULL),
(1348, '233-003', 52, 3, 'saya merasa biasa aja ketika orang lain menghina'),
(1349, '233-003', 54, 4, NULL),
(1350, '232-015', 39, 5, NULL),
(1351, '232-015', 41, 3, NULL),
(1352, '232-015', 55, 3, NULL),
(1353, '232-015', 42, 2, NULL),
(1354, '232-015', 43, 4, NULL),
(1355, '232-015', 44, 1, 'tidak pernah'),
(1356, '232-015', 45, 5, NULL),
(1357, '232-015', 46, 4, NULL),
(1358, '232-015', 47, 1, NULL),
(1359, '232-015', 50, 2, 'saya tidak pernah membagikan ataupun menerima kontak dari seseorang'),
(1360, '232-015', 56, 2, 'saya juga tidak pernah masuk atau join ke grup atau server lain, saya hanya suka bermain sendiri'),
(1361, '232-015', 57, 4, 'saya biasa melihat orang-orang di fitur chat mengejek orang lain karena avatarnya yang jelek'),
(1362, '232-015', 51, 1, NULL),
(1363, '232-015', 52, 3, 'saya tidak pernah emosi'),
(1364, '232-015', 54, 4, NULL),
(1365, '233-921', 39, 5, NULL),
(1366, '233-921', 41, 5, NULL),
(1367, '233-921', 55, 5, NULL),
(1368, '233-921', 42, 4, NULL),
(1369, '233-921', 43, 4, NULL),
(1370, '233-921', 44, 2, 'saya malas ketemuan sama orang lain'),
(1371, '233-921', 45, 5, NULL),
(1372, '233-921', 46, 5, NULL),
(1373, '233-921', 47, 4, NULL),
(1374, '233-921', 50, 4, 'saya biasa membagikan ID Discord saya agar lebih seru pada saat bermain dan bebas karena kalau di roblox biasa terkena ban'),
(1375, '233-921', 56, 5, 'saya selalu join ke server discordnya orang'),
(1376, '233-921', 57, 4, 'banyak yang saling menghina di fitur chat roblox itu'),
(1377, '233-921', 51, 1, NULL),
(1378, '233-921', 52, 2, 'saya orangnya bodomat ketika di ejek'),
(1379, '233-921', 54, 4, NULL),
(1380, '232-036', 39, 3, NULL),
(1381, '232-036', 41, 2, NULL),
(1382, '232-036', 55, 3, NULL),
(1383, '232-036', 42, 3, NULL),
(1384, '232-036', 43, 4, NULL),
(1385, '232-036', 44, 2, 'selalu saya abaikan komentar atau ejekan itu'),
(1386, '232-036', 45, 4, NULL),
(1387, '232-036', 46, 3, NULL),
(1388, '232-036', 47, 1, NULL),
(1389, '232-036', 50, 2, 'tidak mau membagikan kontak pribadi saya'),
(1390, '232-036', 56, 1, 'tidak pernah'),
(1391, '232-036', 57, 4, 'saya selalu melihat orang saling menghina'),
(1392, '232-036', 51, 1, NULL),
(1393, '232-036', 52, 3, 'tidak memperdulikan'),
(1394, '232-036', 54, 3, NULL),
(1395, '233-039', 39, 4, NULL),
(1396, '233-039', 41, 5, NULL),
(1397, '233-039', 55, 3, NULL),
(1398, '233-039', 42, 3, NULL),
(1399, '233-039', 43, 3, NULL),
(1400, '233-039', 44, 4, 'ketika saya di ejek terus saya juga akan membalasnya'),
(1401, '233-039', 45, 4, NULL),
(1402, '233-039', 46, 5, NULL),
(1403, '233-039', 47, 1, NULL),
(1404, '233-039', 50, 2, 'tidak mau membagikan kontak pribadi'),
(1405, '233-039', 56, 1, 'tidak pernah'),
(1406, '233-039', 57, 4, 'saya selalu dikatakan noob'),
(1407, '233-039', 51, 1, NULL),
(1408, '233-039', 52, 4, 'kalau orang itu berlebihan saya akan kesal dan membalasnya juga'),
(1409, '233-039', 54, 3, NULL),
(1410, '252-002', 39, 1, NULL),
(1411, '252-002', 41, 1, NULL),
(1412, '252-002', 55, 1, NULL),
(1413, '252-002', 42, 1, NULL),
(1414, '252-002', 43, 1, NULL),
(1415, '252-002', 44, 1, NULL),
(1416, '252-002', 45, 1, NULL),
(1417, '252-002', 46, 1, NULL),
(1418, '252-002', 47, 1, NULL),
(1419, '252-002', 50, 1, NULL),
(1420, '252-002', 56, 1, NULL),
(1421, '252-002', 57, 1, NULL),
(1422, '252-002', 51, 1, NULL),
(1423, '252-002', 52, 1, NULL),
(1424, '252-002', 54, 1, NULL),
(1425, '252-016', 39, 1, NULL),
(1426, '252-016', 41, 1, NULL),
(1427, '252-016', 55, 1, NULL),
(1428, '252-016', 42, 1, NULL),
(1429, '252-016', 43, 1, NULL),
(1430, '252-016', 44, 5, NULL),
(1431, '252-016', 45, 1, NULL),
(1432, '252-016', 46, 1, NULL),
(1433, '252-016', 47, 1, NULL),
(1434, '252-016', 50, 1, NULL),
(1435, '252-016', 56, 1, NULL),
(1436, '252-016', 57, 1, NULL),
(1437, '252-016', 51, 1, NULL),
(1438, '252-016', 52, 1, NULL),
(1439, '252-016', 54, 1, NULL),
(1440, '252-022', 39, 4, NULL),
(1441, '252-022', 41, 5, NULL),
(1442, '252-022', 55, 5, NULL),
(1443, '252-022', 42, 2, NULL),
(1444, '252-022', 43, 1, NULL),
(1445, '252-022', 44, 5, NULL),
(1446, '252-022', 45, 4, NULL),
(1447, '252-022', 46, 5, NULL),
(1448, '252-022', 47, 4, NULL),
(1449, '252-022', 50, 3, NULL),
(1450, '252-022', 56, 4, NULL),
(1451, '252-022', 57, 4, NULL),
(1452, '252-022', 51, 3, NULL),
(1453, '252-022', 52, 3, NULL),
(1454, '252-022', 54, 1, NULL),
(1455, '252-026', 39, 1, NULL),
(1456, '252-026', 41, 3, NULL),
(1457, '252-026', 55, 4, NULL),
(1458, '252-026', 42, 2, NULL),
(1459, '252-026', 43, 3, NULL),
(1460, '252-026', 44, 3, NULL),
(1461, '252-026', 45, 3, NULL),
(1462, '252-026', 46, 2, NULL),
(1463, '252-026', 47, 3, NULL),
(1464, '252-026', 50, 2, NULL),
(1465, '252-026', 56, 3, NULL),
(1466, '252-026', 57, 3, NULL),
(1467, '252-026', 51, 3, NULL),
(1468, '252-026', 52, 3, NULL),
(1469, '252-026', 54, 2, NULL),
(1470, '2520-012', 39, 2, NULL),
(1471, '2520-012', 41, 2, NULL),
(1472, '2520-012', 55, 2, NULL),
(1473, '2520-012', 42, 2, NULL),
(1474, '2520-012', 43, 2, NULL),
(1475, '2520-012', 44, 2, 'Cuek saja biar capek ngomel sendiri'),
(1476, '2520-012', 45, 1, NULL),
(1477, '2520-012', 46, 1, NULL),
(1478, '2520-012', 47, 1, NULL),
(1479, '2520-012', 50, 1, 'Lebih ke main bareng temen akrab lewat discord'),
(1480, '2520-012', 56, 5, 'Ya sering tapi sama teman akrab'),
(1481, '2520-012', 57, 2, 'Dikacangin sih'),
(1482, '2520-012', 51, 2, NULL),
(1483, '2520-012', 52, 2, 'Diamkan saja biar capek ngomel sendiri'),
(1484, '2520-012', 54, 3, NULL),
(1485, '253-024', 39, 1, NULL),
(1486, '253-024', 41, 1, NULL),
(1487, '253-024', 55, 1, NULL),
(1488, '253-024', 42, 1, NULL),
(1489, '253-024', 43, 1, NULL),
(1490, '253-024', 44, 1, NULL),
(1491, '253-024', 45, 1, NULL),
(1492, '253-024', 46, 1, NULL),
(1493, '253-024', 47, 1, NULL),
(1494, '253-024', 50, 1, NULL),
(1495, '253-024', 56, 1, NULL),
(1496, '253-024', 57, 1, NULL),
(1497, '253-024', 51, 1, NULL),
(1498, '253-024', 52, 1, NULL),
(1499, '253-024', 54, 1, NULL),
(1500, '252-013', 39, 1, NULL),
(1501, '252-013', 41, 1, NULL),
(1502, '252-013', 55, 1, NULL),
(1503, '252-013', 42, 1, NULL),
(1504, '252-013', 43, 1, NULL),
(1505, '252-013', 44, 1, NULL),
(1506, '252-013', 45, 1, NULL),
(1507, '252-013', 46, 1, NULL),
(1508, '252-013', 47, 1, NULL),
(1509, '252-013', 50, 1, NULL),
(1510, '252-013', 56, 1, NULL),
(1511, '252-013', 57, 1, NULL),
(1512, '252-013', 51, 1, NULL),
(1513, '252-013', 52, 1, NULL),
(1514, '252-013', 54, 1, NULL),
(1515, '252-027', 39, 1, NULL),
(1516, '252-027', 41, 1, NULL),
(1517, '252-027', 55, 1, NULL),
(1518, '252-027', 42, 1, NULL),
(1519, '252-027', 43, 1, NULL),
(1520, '252-027', 44, 1, 'tidak pernah main roblox'),
(1521, '252-027', 45, 1, NULL),
(1522, '252-027', 46, 1, NULL),
(1523, '252-027', 47, 1, NULL),
(1524, '252-027', 50, 1, 'tidak pernah'),
(1525, '252-027', 56, 1, 'tidak pernah'),
(1526, '252-027', 57, 1, NULL),
(1527, '252-027', 51, 3, NULL),
(1528, '252-027', 52, 2, 'tidak pernahh'),
(1529, '252-027', 54, 1, NULL),
(1530, '252-005', 39, 1, NULL),
(1531, '252-005', 41, 3, NULL),
(1532, '252-005', 55, 3, NULL),
(1533, '252-005', 42, 2, NULL),
(1534, '252-005', 43, 3, NULL),
(1535, '252-005', 44, 4, NULL),
(1536, '252-005', 45, 2, NULL),
(1537, '252-005', 46, 4, NULL),
(1538, '252-005', 47, 2, NULL),
(1539, '252-005', 50, 1, NULL),
(1540, '252-005', 56, 2, NULL),
(1541, '252-005', 57, 1, NULL),
(1542, '252-005', 51, 1, NULL),
(1543, '252-005', 52, 1, NULL),
(1544, '252-005', 54, 2, NULL),
(1545, '252010', 39, 3, NULL),
(1546, '252010', 41, 3, NULL),
(1547, '252010', 55, 3, NULL),
(1548, '252010', 42, 4, NULL),
(1549, '252010', 43, 4, NULL),
(1550, '252010', 44, 3, NULL),
(1551, '252010', 45, 4, NULL),
(1552, '252010', 46, 2, NULL),
(1553, '252010', 47, 1, NULL),
(1554, '252010', 50, 1, NULL),
(1555, '252010', 56, 2, NULL),
(1556, '252010', 57, 3, NULL),
(1557, '252010', 51, 2, NULL),
(1558, '252010', 52, 3, NULL),
(1559, '252010', 54, 1, NULL),
(1560, '252-015', 39, 2, NULL),
(1561, '252-015', 41, 4, NULL),
(1562, '252-015', 55, 3, NULL),
(1563, '252-015', 42, 1, NULL),
(1564, '252-015', 43, 2, NULL),
(1565, '252-015', 44, 1, NULL),
(1566, '252-015', 45, 4, NULL),
(1567, '252-015', 46, 3, NULL),
(1568, '252-015', 47, 4, NULL),
(1569, '252-015', 50, 1, NULL),
(1570, '252-015', 56, 2, NULL),
(1571, '252-015', 57, 3, NULL),
(1572, '252-015', 51, 1, NULL),
(1573, '252-015', 52, 3, NULL),
(1574, '252-015', 54, 1, NULL),
(1575, '252-001', 39, 2, NULL),
(1576, '252-001', 41, 2, NULL),
(1577, '252-001', 55, 4, NULL),
(1578, '252-001', 42, 2, NULL),
(1579, '252-001', 43, 4, NULL),
(1580, '252-001', 44, 2, 'saya tidak pernah mendapatkan komentar kasar, karna bermainnya pun jarang'),
(1581, '252-001', 45, 1, NULL),
(1582, '252-001', 46, 1, NULL),
(1583, '252-001', 47, 2, NULL),
(1584, '252-001', 50, 2, 'saya tidak pernah, karna saya main hanya dengan orang orang yang saya kenal saja, jarang bermain dengan orang asing yang ada di roblox'),
(1585, '252-001', 56, 2, 'saya tidak pernah'),
(1586, '252-001', 57, 2, 'tidak pernah'),
(1587, '252-001', 51, 3, NULL),
(1588, '252-001', 52, 3, 'saya tidak pernah mendapatkan hal itu'),
(1589, '252-001', 54, 3, NULL),
(1590, '252-007', 39, 3, NULL),
(1591, '252-007', 41, 4, NULL),
(1592, '252-007', 55, 3, NULL),
(1593, '252-007', 42, 3, NULL),
(1594, '252-007', 43, 4, NULL),
(1595, '252-007', 44, 3, NULL),
(1596, '252-007', 45, 3, NULL),
(1597, '252-007', 46, 3, NULL),
(1598, '252-007', 47, 3, NULL),
(1599, '252-007', 50, 2, NULL),
(1600, '252-007', 56, 3, NULL),
(1601, '252-007', 57, 3, NULL),
(1602, '252-007', 51, 2, NULL),
(1603, '252-007', 52, 4, NULL),
(1604, '252-007', 54, 3, NULL),
(1605, '252-035', 39, 2, NULL),
(1606, '252-035', 41, 2, NULL),
(1607, '252-035', 55, 1, NULL),
(1608, '252-035', 42, 1, NULL),
(1609, '252-035', 43, 2, NULL),
(1610, '252-035', 44, 1, NULL),
(1611, '252-035', 45, 2, NULL),
(1612, '252-035', 46, 2, NULL),
(1613, '252-035', 47, 1, NULL),
(1614, '252-035', 50, 1, NULL),
(1615, '252-035', 56, 1, NULL),
(1616, '252-035', 57, 1, NULL),
(1617, '252-035', 51, 2, NULL),
(1618, '252-035', 52, 3, NULL),
(1619, '252-035', 54, 2, NULL),
(1620, '252-017', 39, 1, NULL),
(1621, '252-017', 41, 1, NULL),
(1622, '252-017', 55, 1, NULL),
(1623, '252-017', 42, 1, NULL),
(1624, '252-017', 43, 1, NULL),
(1625, '252-017', 44, 1, 'apa bagus'),
(1626, '252-017', 45, 1, NULL),
(1627, '252-017', 46, 1, NULL),
(1628, '252-017', 47, 1, NULL),
(1629, '252-017', 50, 1, 'ndk pernah iya kah ndk pernah ya main'),
(1630, '252-017', 56, 1, 'ndk pernah iya kah ndk pernah ya main'),
(1631, '252-017', 57, 1, 'ndk taumi itu iya ndk pernah ya main roblox'),
(1632, '252-017', 51, 1, NULL);
INSERT INTO `jawaban` (`id_jawaban`, `nis`, `id_pernyataan`, `nilai`, `komentar`) VALUES
(1633, '252-017', 52, 1, 'ndk taumi itu iya ndk pernah ya main roblox'),
(1634, '252-017', 54, 1, NULL),
(1635, '252028', 39, 3, NULL),
(1636, '252028', 41, 3, NULL),
(1637, '252028', 55, 1, NULL),
(1638, '252028', 42, 1, NULL),
(1639, '252028', 43, 1, NULL),
(1640, '252028', 44, 2, 'seseorang berkomentar kasar, saya balik melawan'),
(1641, '252028', 45, 4, NULL),
(1642, '252028', 46, 1, NULL),
(1643, '252028', 47, 1, NULL),
(1644, '252028', 50, 1, 'nd prnh'),
(1645, '252028', 56, 1, 'nd pernah'),
(1646, '252028', 57, 1, 'Tidak pernah'),
(1647, '252028', 51, 1, NULL),
(1648, '252028', 52, 1, NULL),
(1649, '252028', 54, 1, NULL),
(1650, '252-029', 39, 2, NULL),
(1651, '252-029', 41, 4, NULL),
(1652, '252-029', 55, 1, NULL),
(1653, '252-029', 42, 1, NULL),
(1654, '252-029', 43, 1, NULL),
(1655, '252-029', 44, 1, 'Cuma kasi tanggapan baik'),
(1656, '252-029', 45, 3, NULL),
(1657, '252-029', 46, 1, NULL),
(1658, '252-029', 47, 1, NULL),
(1659, '252-029', 50, 1, 'Tdk ada'),
(1660, '252-029', 56, 1, 'Tdk tau'),
(1661, '252-029', 57, 1, 'Tidak tau'),
(1662, '252-029', 51, 1, NULL),
(1663, '252-029', 52, 1, 'Tidak tau'),
(1664, '252-029', 54, 1, NULL),
(1665, '252-020', 39, 1, NULL),
(1666, '252-020', 41, 2, NULL),
(1667, '252-020', 55, 3, NULL),
(1668, '252-020', 42, 1, NULL),
(1669, '252-020', 43, 3, NULL),
(1670, '252-020', 44, 3, 'Jarang ji'),
(1671, '252-020', 45, 1, NULL),
(1672, '252-020', 46, 5, NULL),
(1673, '252-020', 47, 1, NULL),
(1674, '252-020', 50, 3, 'Ba kanda'),
(1675, '252-020', 56, 5, 'Jb ji biasa'),
(1676, '252-020', 57, 1, 'Saya saja bacon ji'),
(1677, '252-020', 51, 1, NULL),
(1678, '252-020', 52, 2, 'Kadang kadang g ji'),
(1679, '252-020', 54, 1, NULL),
(1680, '252-031', 39, 1, NULL),
(1681, '252-031', 41, 1, NULL),
(1682, '252-031', 55, 1, NULL),
(1683, '252-031', 42, 1, NULL),
(1684, '252-031', 43, 1, NULL),
(1685, '252-031', 44, 1, NULL),
(1686, '252-031', 45, 1, NULL),
(1687, '252-031', 46, 1, NULL),
(1688, '252-031', 47, 1, NULL),
(1689, '252-031', 50, 1, NULL),
(1690, '252-031', 56, 1, NULL),
(1691, '252-031', 57, 1, NULL),
(1692, '252-031', 51, 1, NULL),
(1693, '252-031', 52, 1, NULL),
(1694, '252-031', 54, 1, NULL),
(1695, '252-008', 39, 2, NULL),
(1696, '252-008', 41, 1, NULL),
(1697, '252-008', 55, 2, NULL),
(1698, '252-008', 42, 1, NULL),
(1699, '252-008', 43, 3, NULL),
(1700, '252-008', 44, 2, 'Seseorang meminta whatsapp saya, tetapi saya tidak mengenal dia'),
(1701, '252-008', 45, 2, NULL),
(1702, '252-008', 46, 1, NULL),
(1703, '252-008', 47, 1, NULL),
(1704, '252-008', 50, 3, 'Tidak ada'),
(1705, '252-008', 56, 1, 'Tidak ada'),
(1706, '252-008', 57, 1, 'Tidak ada'),
(1707, '252-008', 51, 1, NULL),
(1708, '252-008', 52, 1, 'Tidak ada'),
(1709, '252-008', 54, 1, NULL),
(1710, '252-037', 39, 2, NULL),
(1711, '252-037', 41, 2, NULL),
(1712, '252-037', 55, 2, NULL),
(1713, '252-037', 42, 2, NULL),
(1714, '252-037', 43, 2, NULL),
(1715, '252-037', 44, 2, NULL),
(1716, '252-037', 45, 2, NULL),
(1717, '252-037', 46, 2, NULL),
(1718, '252-037', 47, 2, NULL),
(1719, '252-037', 50, 1, NULL),
(1720, '252-037', 56, 2, NULL),
(1721, '252-037', 57, 2, NULL),
(1722, '252-037', 51, 1, NULL),
(1723, '252-037', 52, 2, NULL),
(1724, '252-037', 54, 1, NULL),
(1725, '252-036', 39, 3, NULL),
(1726, '252-036', 41, 4, NULL),
(1727, '252-036', 55, 3, NULL),
(1728, '252-036', 42, 3, NULL),
(1729, '252-036', 43, 2, NULL),
(1730, '252-036', 44, 3, NULL),
(1731, '252-036', 45, 5, NULL),
(1732, '252-036', 46, 5, NULL),
(1733, '252-036', 47, 5, NULL),
(1734, '252-036', 50, 1, 'belum pernah melakukan hal seperti membagikan nomor whatsapp/ID Discord kepada orang yang saya tidak kenal.'),
(1735, '252-036', 56, 1, NULL),
(1736, '252-036', 57, 1, NULL),
(1737, '252-036', 51, 1, NULL),
(1738, '252-036', 52, 3, NULL),
(1739, '252-036', 54, 1, NULL),
(1740, '252030', 39, 2, NULL),
(1741, '252030', 41, 1, NULL),
(1742, '252030', 55, 1, NULL),
(1743, '252030', 42, 1, NULL),
(1744, '252030', 43, 1, NULL),
(1745, '252030', 44, 1, 'jarang'),
(1746, '252030', 45, 1, NULL),
(1747, '252030', 46, 1, NULL),
(1748, '252030', 47, 1, NULL),
(1749, '252030', 50, 2, 'kalau ini saya cari sendiri komunitasnya, dan mengobrol jika ada perlu saja'),
(1750, '252030', 56, 1, 'tidak'),
(1751, '252030', 57, 1, 'tidak'),
(1752, '252030', 51, 1, NULL),
(1753, '252030', 52, 1, 'jarangg'),
(1754, '252030', 54, 1, NULL),
(1755, '252-023', 39, 3, NULL),
(1756, '252-023', 41, 5, NULL),
(1757, '252-023', 55, 3, NULL),
(1758, '252-023', 42, 2, NULL),
(1759, '252-023', 43, 4, NULL),
(1760, '252-023', 44, 3, 'AJAKAN TIDAK DI IMING&quot; IN HADIAH HANYA SAJA SAYA INGIN COD IKAN FISH IT🤣'),
(1761, '252-023', 45, 5, NULL),
(1762, '252-023', 46, 3, NULL),
(1763, '252-023', 47, 2, NULL),
(1764, '252-023', 50, 4, 'saya jarang sekali melanjutkan obrolan ke sosial media saya kecuali urusan bisnis seperti jual/beli ikan fish it'),
(1765, '252-023', 56, 3, 'SAYA HAMPIR TIDAK MENEMUI ORANG SEPERTI ITU,WALAU JIKA ADA SAYA MENOLAK AJAKAN ITU MENTAH&quot;'),
(1766, '252-023', 57, 5, 'SERING SEKALI TERJADI SAMPAI MENIMBULKAN KERIBUTAN🤣'),
(1767, '252-023', 51, 4, NULL),
(1768, '252-023', 52, 4, 'AGAK MENJENGKELKAN'),
(1769, '252-023', 54, 1, NULL),
(1770, '252-019', 39, 1, NULL),
(1771, '252-019', 41, 1, NULL),
(1772, '252-019', 55, 1, NULL),
(1773, '252-019', 42, 1, NULL),
(1774, '252-019', 43, 1, NULL),
(1775, '252-019', 44, 1, 'yaa pernah'),
(1776, '252-019', 45, 1, NULL),
(1777, '252-019', 46, 1, NULL),
(1778, '252-019', 47, 1, NULL),
(1779, '252-019', 50, 1, 'pernah diajak kenalan tapi asing ma'),
(1780, '252-019', 56, 1, 'tidak pernah'),
(1781, '252-019', 57, 1, 'ya pernah'),
(1782, '252-019', 51, 1, NULL),
(1783, '252-019', 52, 1, 'nda tong ji juga'),
(1784, '252-019', 54, 1, NULL),
(1785, '252-014', 39, 3, NULL),
(1786, '252-014', 41, 4, NULL),
(1787, '252-014', 55, 3, NULL),
(1788, '252-014', 42, 3, NULL),
(1789, '252-014', 43, 4, NULL),
(1790, '252-014', 44, 2, NULL),
(1791, '252-014', 45, 5, NULL),
(1792, '252-014', 46, 3, NULL),
(1793, '252-014', 47, 1, NULL),
(1794, '252-014', 50, 1, NULL),
(1795, '252-014', 56, 2, NULL),
(1796, '252-014', 57, 2, NULL),
(1797, '252-014', 51, 1, NULL),
(1798, '252-014', 52, 2, NULL),
(1799, '252-014', 54, 1, NULL),
(1800, '252-009', 39, 3, NULL),
(1801, '252-009', 41, 4, NULL),
(1802, '252-009', 55, 2, NULL),
(1803, '252-009', 42, 1, NULL),
(1804, '252-009', 43, 4, NULL),
(1805, '252-009', 44, 1, NULL),
(1806, '252-009', 45, 3, NULL),
(1807, '252-009', 46, 4, NULL),
(1808, '252-009', 47, 2, NULL),
(1809, '252-009', 50, 3, 'Saya pernah diajak untuk bermain bersama di discord agar lebih kenal dengan nya sekaligus agar tidak di sensor percakapannya oleh roblox'),
(1810, '252-009', 56, 4, 'Saya pernah diajak untuk masuk ke grup Roblox indonesia agar dapat mendapatkan relasi baru dengan orang-orang tersebut'),
(1811, '252-009', 57, 1, NULL),
(1812, '252-009', 51, 2, NULL),
(1813, '252-009', 52, 1, NULL),
(1814, '252-009', 54, 1, NULL),
(1815, '251-002', 39, 2, NULL),
(1816, '251-002', 41, 2, NULL),
(1817, '251-002', 55, 3, NULL),
(1818, '251-002', 42, 3, NULL),
(1819, '251-002', 43, 3, NULL),
(1820, '251-002', 44, 2, NULL),
(1821, '251-002', 45, 3, NULL),
(1822, '251-002', 46, 2, NULL),
(1823, '251-002', 47, 2, NULL),
(1824, '251-002', 50, 2, NULL),
(1825, '251-002', 56, 3, NULL),
(1826, '251-002', 57, 3, NULL),
(1827, '251-002', 51, 2, NULL),
(1828, '251-002', 52, 2, NULL),
(1829, '251-002', 54, 2, NULL),
(1830, '251010', 39, 3, NULL),
(1831, '251010', 41, 3, NULL),
(1832, '251010', 55, 2, NULL),
(1833, '251010', 42, 2, NULL),
(1834, '251010', 43, 3, NULL),
(1835, '251010', 44, 3, NULL),
(1836, '251010', 45, 4, NULL),
(1837, '251010', 46, 4, NULL),
(1838, '251010', 47, 2, NULL),
(1839, '251010', 50, 3, NULL),
(1840, '251010', 56, 4, NULL),
(1841, '251010', 57, 2, NULL),
(1842, '251010', 51, 2, NULL),
(1843, '251010', 52, 2, NULL),
(1844, '251010', 54, 2, NULL),
(1845, '0096821293', 39, 1, NULL),
(1846, '0096821293', 41, 4, NULL),
(1847, '0096821293', 55, 1, NULL),
(1848, '0096821293', 42, 4, NULL),
(1849, '0096821293', 43, 5, NULL),
(1850, '0096821293', 44, 1, NULL),
(1851, '0096821293', 45, 1, NULL),
(1852, '0096821293', 46, 4, NULL),
(1853, '0096821293', 47, 1, NULL),
(1854, '0096821293', 50, 1, NULL),
(1855, '0096821293', 56, 1, NULL),
(1856, '0096821293', 57, 1, NULL),
(1857, '0096821293', 51, 1, NULL),
(1858, '0096821293', 52, 1, NULL),
(1859, '0096821293', 54, 1, NULL),
(1860, '0093794275', 39, 1, NULL),
(1861, '0093794275', 41, 1, NULL),
(1862, '0093794275', 55, 1, NULL),
(1863, '0093794275', 42, 1, NULL),
(1864, '0093794275', 43, 1, NULL),
(1865, '0093794275', 44, 1, NULL),
(1866, '0093794275', 45, 1, NULL),
(1867, '0093794275', 46, 5, NULL),
(1868, '0093794275', 47, 5, NULL),
(1869, '0093794275', 50, 5, NULL),
(1870, '0093794275', 56, 5, NULL),
(1871, '0093794275', 57, 5, NULL),
(1872, '0093794275', 51, 5, NULL),
(1873, '0093794275', 52, 5, NULL),
(1874, '0093794275', 54, 5, NULL),
(1875, '251-030', 39, 2, NULL),
(1876, '251-030', 41, 3, NULL),
(1877, '251-030', 55, 3, NULL),
(1878, '251-030', 42, 3, NULL),
(1879, '251-030', 43, 3, NULL),
(1880, '251-030', 44, 3, NULL),
(1881, '251-030', 45, 3, NULL),
(1882, '251-030', 46, 3, NULL),
(1883, '251-030', 47, 3, NULL),
(1884, '251-030', 50, 3, NULL),
(1885, '251-030', 56, 3, NULL),
(1886, '251-030', 57, 3, NULL),
(1887, '251-030', 51, 3, NULL),
(1888, '251-030', 52, 3, NULL),
(1889, '251-030', 54, 3, NULL),
(1890, '251-036', 39, 4, NULL),
(1891, '251-036', 41, 3, NULL),
(1892, '251-036', 55, 3, NULL),
(1893, '251-036', 42, 3, NULL),
(1894, '251-036', 43, 3, NULL),
(1895, '251-036', 44, 3, NULL),
(1896, '251-036', 45, 3, NULL),
(1897, '251-036', 46, 3, NULL),
(1898, '251-036', 47, 3, NULL),
(1899, '251-036', 50, 3, NULL),
(1900, '251-036', 56, 3, NULL),
(1901, '251-036', 57, 3, NULL),
(1902, '251-036', 51, 3, NULL),
(1903, '251-036', 52, 3, NULL),
(1904, '251-036', 54, 3, NULL),
(1905, '251-001', 39, 2, NULL),
(1906, '251-001', 41, 2, NULL),
(1907, '251-001', 55, 3, NULL),
(1908, '251-001', 42, 4, NULL),
(1909, '251-001', 43, 2, NULL),
(1910, '251-001', 44, 1, NULL),
(1911, '251-001', 45, 4, NULL),
(1912, '251-001', 46, 2, NULL),
(1913, '251-001', 47, 3, NULL),
(1914, '251-001', 50, 4, NULL),
(1915, '251-001', 56, 3, NULL),
(1916, '251-001', 57, 2, NULL),
(1917, '251-001', 51, 4, NULL),
(1918, '251-001', 52, 5, NULL),
(1919, '251-001', 54, 4, NULL),
(1920, '251-032', 39, 3, NULL),
(1921, '251-032', 41, 2, NULL),
(1922, '251-032', 55, 3, NULL),
(1923, '251-032', 42, 2, NULL),
(1924, '251-032', 43, 3, NULL),
(1925, '251-032', 44, 3, NULL),
(1926, '251-032', 45, 2, NULL),
(1927, '251-032', 46, 4, NULL),
(1928, '251-032', 47, 3, NULL),
(1929, '251-032', 50, 2, NULL),
(1930, '251-032', 56, 2, NULL),
(1931, '251-032', 57, 2, NULL),
(1932, '251-032', 51, 2, NULL),
(1933, '251-032', 52, 4, NULL),
(1934, '251-032', 54, 3, NULL),
(1935, '251011', 39, 1, NULL),
(1936, '251011', 41, 1, NULL),
(1937, '251011', 55, 1, NULL),
(1938, '251011', 42, 1, NULL),
(1939, '251011', 43, 1, NULL),
(1940, '251011', 44, 1, 'tidak pernah main game'),
(1941, '251011', 45, 1, NULL),
(1942, '251011', 46, 1, NULL),
(1943, '251011', 47, 1, NULL),
(1944, '251011', 50, 1, 'tidak pernah main game'),
(1945, '251011', 56, 1, 'tidak pernah main game'),
(1946, '251011', 57, 1, 'tidak pernah main game'),
(1947, '251011', 51, 1, NULL),
(1948, '251011', 52, 1, 'tidak pernah main game'),
(1949, '251011', 54, 1, NULL),
(1950, '251035', 39, 1, NULL),
(1951, '251035', 41, 1, NULL),
(1952, '251035', 55, 1, NULL),
(1953, '251035', 42, 1, NULL),
(1954, '251035', 43, 1, NULL),
(1955, '251035', 44, 1, 'Tidak pernah'),
(1956, '251035', 45, 1, NULL),
(1957, '251035', 46, 1, NULL),
(1958, '251035', 47, 1, NULL),
(1959, '251035', 50, 1, 'Tidak pernah'),
(1960, '251035', 56, 1, 'Tidak pernah'),
(1961, '251035', 57, 1, 'Tidak pernah'),
(1962, '251035', 51, 1, NULL),
(1963, '251035', 52, 1, 'Tidak pernah'),
(1964, '251035', 54, 1, NULL),
(1965, '251-021', 39, 3, NULL),
(1966, '251-021', 41, 4, NULL),
(1967, '251-021', 55, 3, NULL),
(1968, '251-021', 42, 5, NULL),
(1969, '251-021', 43, 5, NULL),
(1970, '251-021', 44, 2, NULL),
(1971, '251-021', 45, 1, NULL),
(1972, '251-021', 46, 3, NULL),
(1973, '251-021', 47, 1, NULL),
(1974, '251-021', 50, 1, NULL),
(1975, '251-021', 56, 3, NULL),
(1976, '251-021', 57, 1, NULL),
(1977, '251-021', 51, 1, NULL),
(1978, '251-021', 52, 3, NULL),
(1979, '251-021', 54, 1, NULL),
(1980, '251-024', 39, 2, NULL),
(1981, '251-024', 41, 4, NULL),
(1982, '251-024', 55, 3, NULL),
(1983, '251-024', 42, 2, NULL),
(1984, '251-024', 43, 4, NULL),
(1985, '251-024', 44, 4, NULL),
(1986, '251-024', 45, 3, NULL),
(1987, '251-024', 46, 3, NULL),
(1988, '251-024', 47, 4, NULL),
(1989, '251-024', 50, 4, NULL),
(1990, '251-024', 56, 4, NULL),
(1991, '251-024', 57, 4, NULL),
(1992, '251-024', 51, 1, NULL),
(1993, '251-024', 52, 5, NULL),
(1994, '251-024', 54, 2, NULL),
(1995, '251-015', 39, 4, NULL),
(1996, '251-015', 41, 5, NULL),
(1997, '251-015', 55, 4, NULL),
(1998, '251-015', 42, 2, NULL),
(1999, '251-015', 43, 1, NULL),
(2000, '251-015', 44, 2, NULL),
(2001, '251-015', 45, 3, NULL),
(2002, '251-015', 46, 4, NULL),
(2003, '251-015', 47, 4, NULL),
(2004, '251-015', 50, 4, NULL),
(2005, '251-015', 56, 1, NULL),
(2006, '251-015', 57, 5, NULL),
(2007, '251-015', 51, 3, NULL),
(2008, '251-015', 52, 2, NULL),
(2009, '251-015', 54, 5, NULL),
(2010, '251-014', 39, 3, NULL),
(2011, '251-014', 41, 4, NULL),
(2012, '251-014', 55, 2, NULL),
(2013, '251-014', 42, 3, NULL),
(2014, '251-014', 43, 3, NULL),
(2015, '251-014', 44, 4, NULL),
(2016, '251-014', 45, 3, NULL),
(2017, '251-014', 46, 2, NULL),
(2018, '251-014', 47, 1, NULL),
(2019, '251-014', 50, 4, 'Saya sering main GTA SAMP DAN Five M di discord kadang kadang ji roblox'),
(2020, '251-014', 56, 4, 'Saya pernah melihat gambar botit di discord tapi saya menghiraukannya karena itu tidak baik'),
(2021, '251-014', 57, 3, NULL),
(2022, '251-014', 51, 4, NULL),
(2023, '251-014', 52, 3, NULL),
(2024, '251-014', 54, 3, NULL),
(2025, '251-020', 39, 1, NULL),
(2026, '251-020', 41, 3, NULL),
(2027, '251-020', 55, 3, NULL),
(2028, '251-020', 42, 4, NULL),
(2029, '251-020', 43, 3, NULL),
(2030, '251-020', 44, 1, NULL),
(2031, '251-020', 45, 3, NULL),
(2032, '251-020', 46, 4, NULL),
(2033, '251-020', 47, 3, NULL),
(2034, '251-020', 50, 3, NULL),
(2035, '251-020', 56, 3, NULL),
(2036, '251-020', 57, 3, NULL),
(2037, '251-020', 51, 3, NULL),
(2038, '251-020', 52, 3, NULL),
(2039, '251-020', 54, 3, NULL),
(2040, '251027', 39, 2, NULL),
(2041, '251027', 41, 4, NULL),
(2042, '251027', 55, 3, NULL),
(2043, '251027', 42, 2, NULL),
(2044, '251027', 43, 2, NULL),
(2045, '251027', 44, 4, 'Bocil caper sok asik tiba tiba ngata ngatain, di bales malah baperan'),
(2046, '251027', 45, 4, NULL),
(2047, '251027', 46, 3, NULL),
(2048, '251027', 47, 1, NULL),
(2049, '251027', 50, 1, 'Saya sangat menjaga privasi, kalau ada yang minta nomor hp tidak saya kasi, paling Ig klo emang pengen'),
(2050, '251027', 56, 1, 'Discord saya jamuran, gak ada yang isi'),
(2051, '251027', 57, 1, 'Cuman lihat doang, tapi jahat sih'),
(2052, '251027', 51, 1, NULL),
(2053, '251027', 52, 5, 'Biasa player fomo sama caper sihh, yang tipe pacaran di Rp roblok'),
(2054, '251027', 54, 1, NULL),
(2055, '251-028', 39, 2, NULL),
(2056, '251-028', 41, 4, NULL),
(2057, '251-028', 55, 2, NULL),
(2058, '251-028', 42, 2, NULL),
(2059, '251-028', 43, 1, NULL),
(2060, '251-028', 44, 2, NULL),
(2061, '251-028', 45, 1, NULL),
(2062, '251-028', 46, 2, NULL),
(2063, '251-028', 47, 5, NULL),
(2064, '251-028', 50, 1, NULL),
(2065, '251-028', 56, 2, NULL),
(2066, '251-028', 57, 4, NULL),
(2067, '251-028', 51, 5, NULL),
(2068, '251-028', 52, 1, NULL),
(2069, '251-028', 54, 2, NULL),
(2070, '251-031', 39, 4, NULL),
(2071, '251-031', 41, 3, NULL),
(2072, '251-031', 55, 2, NULL),
(2073, '251-031', 42, 1, NULL),
(2074, '251-031', 43, 3, NULL),
(2075, '251-031', 44, 2, NULL),
(2076, '251-031', 45, 4, NULL),
(2077, '251-031', 46, 2, NULL),
(2078, '251-031', 47, 1, NULL),
(2079, '251-031', 50, 2, NULL),
(2080, '251-031', 56, 2, NULL),
(2081, '251-031', 57, 1, NULL),
(2082, '251-031', 51, 1, NULL),
(2083, '251-031', 52, 1, NULL),
(2084, '251-031', 54, 1, NULL),
(2085, '251-012', 39, 3, NULL),
(2086, '251-012', 41, 3, NULL),
(2087, '251-012', 55, 1, NULL),
(2088, '251-012', 42, 4, NULL),
(2089, '251-012', 43, 4, NULL),
(2090, '251-012', 44, 2, NULL),
(2091, '251-012', 45, 3, NULL),
(2092, '251-012', 46, 4, NULL),
(2093, '251-012', 47, 1, NULL),
(2094, '251-012', 50, 1, 'saya tidak pernah menerima informasi melalui kontak pribadi'),
(2095, '251-012', 56, 1, 'tidak ada pengalaman seperti itu'),
(2096, '251-012', 57, 2, 'saya tidak pernah mendapatkan  orang seperti itu'),
(2097, '251-012', 51, 4, NULL),
(2098, '251-012', 52, 2, 'saya tidak pernah mendapatkan seperti itu'),
(2099, '251-012', 54, 4, NULL),
(2100, '251016', 39, 4, NULL),
(2101, '251016', 41, 3, NULL),
(2102, '251016', 55, 3, NULL),
(2103, '251016', 42, 4, NULL),
(2104, '251016', 43, 4, NULL),
(2105, '251016', 44, 3, NULL),
(2106, '251016', 45, 4, NULL),
(2107, '251016', 46, 4, NULL),
(2108, '251016', 47, 1, NULL),
(2109, '251016', 50, 3, NULL),
(2110, '251016', 56, 4, NULL),
(2111, '251016', 57, 4, NULL),
(2112, '251016', 51, 3, NULL),
(2113, '251016', 52, 2, NULL),
(2114, '251016', 54, 2, NULL),
(2115, '251-017', 39, 1, NULL),
(2116, '251-017', 41, 3, NULL),
(2117, '251-017', 55, 3, NULL),
(2118, '251-017', 42, 1, NULL),
(2119, '251-017', 43, 2, NULL),
(2120, '251-017', 44, 2, 'Saya sering ketemu sama orang asing'),
(2121, '251-017', 45, 1, NULL),
(2122, '251-017', 46, 3, NULL),
(2123, '251-017', 47, 4, NULL),
(2124, '251-017', 50, 4, 'Saya sering ngobrol sama orang asing sampai akrab'),
(2125, '251-017', 56, 1, NULL),
(2126, '251-017', 57, 1, NULL),
(2127, '251-017', 51, 1, NULL),
(2128, '251-017', 52, 1, NULL),
(2129, '251-017', 54, 1, NULL),
(2130, '251008', 39, 3, NULL),
(2131, '251008', 41, 4, NULL),
(2132, '251008', 55, 5, NULL),
(2133, '251008', 42, 5, NULL),
(2134, '251008', 43, 2, NULL),
(2135, '251008', 44, 3, NULL),
(2136, '251008', 45, 4, NULL),
(2137, '251008', 46, 3, NULL),
(2138, '251008', 47, 3, NULL),
(2139, '251008', 50, 3, NULL),
(2140, '251008', 56, 3, NULL),
(2141, '251008', 57, 4, NULL),
(2142, '251008', 51, 1, NULL),
(2143, '251008', 52, 5, NULL),
(2144, '251008', 54, 3, NULL),
(2145, '251006', 39, 3, NULL),
(2146, '251006', 41, 4, NULL),
(2147, '251006', 55, 5, NULL),
(2148, '251006', 42, 5, NULL),
(2149, '251006', 43, 2, NULL),
(2150, '251006', 44, 3, NULL),
(2151, '251006', 45, 4, NULL),
(2152, '251006', 46, 3, NULL),
(2153, '251006', 47, 3, NULL),
(2154, '251006', 50, 1, 'Saya pernah lanjut ke WA bersama teman game saya terus kami hts an eh saya di ghosting. . .'),
(2155, '251006', 56, 1, NULL),
(2156, '251006', 57, 3, NULL),
(2157, '251006', 51, 3, NULL),
(2158, '251006', 52, 4, NULL),
(2159, '251006', 54, 2, NULL),
(2160, '251-007', 39, 1, NULL),
(2161, '251-007', 41, 2, NULL),
(2162, '251-007', 55, 2, NULL),
(2163, '251-007', 42, 4, NULL),
(2164, '251-007', 43, 5, NULL),
(2165, '251-007', 44, 5, NULL),
(2166, '251-007', 45, 5, NULL),
(2167, '251-007', 46, 5, NULL),
(2168, '251-007', 47, 1, NULL),
(2169, '251-007', 50, 1, NULL),
(2170, '251-007', 56, 4, NULL),
(2171, '251-007', 57, 3, NULL),
(2172, '251-007', 51, 2, NULL),
(2173, '251-007', 52, 4, NULL),
(2174, '251-007', 54, 3, NULL),
(2175, '251 - 022', 39, 5, NULL),
(2176, '251 - 022', 41, 1, NULL),
(2177, '251 - 022', 55, 5, NULL),
(2178, '251 - 022', 42, 3, NULL),
(2179, '251 - 022', 43, 1, NULL),
(2180, '251 - 022', 44, 1, NULL),
(2181, '251 - 022', 45, 5, NULL),
(2182, '251 - 022', 46, 1, NULL),
(2183, '251 - 022', 47, 1, NULL),
(2184, '251 - 022', 50, 4, NULL),
(2185, '251 - 022', 56, 4, NULL),
(2186, '251 - 022', 57, 5, NULL),
(2187, '251 - 022', 51, 1, NULL),
(2188, '251 - 022', 52, 5, NULL),
(2189, '251 - 022', 54, 1, NULL),
(2190, '251-033', 39, 3, NULL),
(2191, '251-033', 41, 4, NULL),
(2192, '251-033', 55, 3, NULL),
(2193, '251-033', 42, 2, NULL),
(2194, '251-033', 43, 3, NULL),
(2195, '251-033', 44, 3, NULL),
(2196, '251-033', 45, 3, NULL),
(2197, '251-033', 46, 5, NULL),
(2198, '251-033', 47, 5, NULL),
(2199, '251-033', 50, 5, NULL),
(2200, '251-033', 56, 3, NULL),
(2201, '251-033', 57, 3, NULL),
(2202, '251-033', 51, 3, NULL),
(2203, '251-033', 52, 4, NULL),
(2204, '251-033', 54, 3, NULL),
(2205, '251-029', 39, 3, NULL),
(2206, '251-029', 41, 2, NULL),
(2207, '251-029', 55, 1, NULL),
(2208, '251-029', 42, 2, NULL),
(2209, '251-029', 43, 3, NULL),
(2210, '251-029', 44, 3, 'Di scam orng saat ingin membeli akun game'),
(2211, '251-029', 45, 1, NULL),
(2212, '251-029', 46, 3, NULL),
(2213, '251-029', 47, 4, NULL),
(2214, '251-029', 50, 3, 'Nomor WhatsApp perna di minta orng seseorang yg sy TDK knl'),
(2215, '251-029', 56, 4, 'Saya pernah di ajak main ke rumahnya'),
(2216, '251-029', 57, 1, 'Saya pernah di blngi baco dan sy mmbalas nya'),
(2217, '251-029', 51, 2, NULL),
(2218, '251-029', 52, 3, 'Seperti akun game di hack orang'),
(2219, '251-029', 54, 3, NULL),
(2220, '251-005', 39, 3, NULL),
(2221, '251-005', 41, 3, NULL),
(2222, '251-005', 55, 3, NULL),
(2223, '251-005', 42, 3, NULL),
(2224, '251-005', 43, 3, NULL),
(2225, '251-005', 44, 3, NULL),
(2226, '251-005', 45, 3, NULL),
(2227, '251-005', 46, 3, NULL),
(2228, '251-005', 47, 3, NULL),
(2229, '251-005', 50, 2, NULL),
(2230, '251-005', 56, 3, NULL),
(2231, '251-005', 57, 3, NULL),
(2232, '251-005', 51, 1, NULL),
(2233, '251-005', 52, 2, NULL),
(2234, '251-005', 54, 2, NULL),
(2235, '251026', 39, 2, NULL),
(2236, '251026', 41, 3, NULL),
(2237, '251026', 55, 3, NULL),
(2238, '251026', 42, 2, NULL),
(2239, '251026', 43, 3, NULL),
(2240, '251026', 44, 4, 'pernah di katain bot di ml, pdhl masih early game, trs pas kalah ku katain balik krna dia yg paling bnyk matinya'),
(2241, '251026', 45, 3, NULL),
(2242, '251026', 46, 2, NULL),
(2243, '251026', 47, 3, NULL),
(2244, '251026', 50, 1, 'nda ada discord'),
(2245, '251026', 56, 1, NULL),
(2246, '251026', 57, 3, NULL),
(2247, '251026', 51, 3, NULL),
(2248, '251026', 52, 4, NULL),
(2249, '251026', 54, 2, NULL),
(2250, '251-034', 39, 2, NULL),
(2251, '251-034', 41, 3, NULL),
(2252, '251-034', 55, 2, NULL),
(2253, '251-034', 42, 2, NULL),
(2254, '251-034', 43, 2, NULL),
(2255, '251-034', 44, 2, 'saya tidak pernah memberikan tanggapan balik kalau belum di kenal'),
(2256, '251-034', 45, 1, NULL),
(2257, '251-034', 46, 3, NULL),
(2258, '251-034', 47, 2, NULL),
(2259, '251-034', 50, 4, 'Saya sering membagikan kontak wa sama membagikan informasi yang sudah di kenal'),
(2260, '251-034', 56, 2, 'Pernah ngajak tapi saya tolak ngajakan itu karena belum saling kenal'),
(2261, '251-034', 57, 4, 'Pernah di ejek karna karakter game saya tidak punya skin sama main kaya noob'),
(2262, '251-034', 51, 2, NULL),
(2263, '251-034', 52, 2, NULL),
(2264, '251-034', 54, 5, NULL),
(2265, '251-003', 39, 4, NULL),
(2266, '251-003', 41, 4, NULL),
(2267, '251-003', 55, 3, NULL),
(2268, '251-003', 42, 5, NULL),
(2269, '251-003', 43, 3, NULL),
(2270, '251-003', 44, 3, 'kalau saya sihh cuekin aja kalau ada yang komentar kasar gitu dan kalau untuk ajakan sejauh ini belum ada'),
(2271, '251-003', 45, 5, NULL),
(2272, '251-003', 46, 5, NULL),
(2273, '251-003', 47, 1, NULL),
(2274, '251-003', 50, 2, 'saya tidak mau membagikan nomor atau sosmed saya ke orang yang saya tidak kenal'),
(2275, '251-003', 56, 4, 'banyak orang selalu ngajak untuk masuk ke grup discordnya cuman saya tidak mau'),
(2276, '251-003', 57, 5, 'saya tidak pernah mengejek orang lain tapi saya selalu melihat orang-orang di fitur chat saling mengejek'),
(2277, '251-003', 51, 1, NULL),
(2278, '251-003', 52, 3, 'cuekin aja'),
(2279, '251-003', 54, 4, NULL),
(2280, '251-023', 39, 4, NULL),
(2281, '251-023', 41, 3, NULL),
(2282, '251-023', 55, 3, NULL),
(2283, '251-023', 42, 2, NULL),
(2284, '251-023', 43, 4, NULL),
(2285, '251-023', 44, 2, 'tidak pernah menerima ejekan dan ajakan dari orang lain'),
(2286, '251-023', 45, 5, NULL),
(2287, '251-023', 46, 5, NULL),
(2288, '251-023', 47, 1, NULL),
(2289, '251-023', 50, 4, 'nomor wa tidak pernah tapi kalau id discord pernah hanya untuk bersenang-senang saja'),
(2290, '251-023', 56, 5, 'saya selalu gabung ke discordnya orang lain agar lebih seru aja'),
(2291, '251-023', 57, 2, 'avatar saya juga bacon:)'),
(2292, '251-023', 51, 4, NULL),
(2293, '251-023', 52, 3, 'cuekin aja'),
(2294, '251-023', 54, 4, NULL),
(2295, '252-021', 39, 3, NULL),
(2296, '252-021', 41, 4, NULL),
(2297, '252-021', 55, 3, NULL),
(2298, '252-021', 42, 5, NULL),
(2299, '252-021', 43, 4, NULL),
(2300, '252-021', 44, 4, 'pernah ku balas komentar kasar itu karena menurutku terlalu berlebihan'),
(2301, '252-021', 45, 4, NULL),
(2302, '252-021', 46, 5, NULL),
(2303, '252-021', 47, 3, NULL),
(2304, '252-021', 50, 3, 'jarang sih kalau tukaran id begitu bahkan hampir tidak pernah karena saya juga tidak mau'),
(2305, '252-021', 56, 2, 'sejauh ini belum pernah ada ajakan seperti itu'),
(2306, '252-021', 57, 4, 'pernah kubilangi orang itu bacon karena dia duluan yang cari masalah'),
(2307, '252-021', 51, 4, NULL),
(2308, '252-021', 52, 4, 'kalau berlebihan pastinya saya emosi lahh'),
(2309, '252-021', 54, 4, NULL),
(2310, '193-005', 39, 5, NULL),
(2311, '193-005', 41, 5, NULL),
(2312, '193-005', 55, 5, NULL),
(2313, '193-005', 42, 5, NULL),
(2314, '193-005', 43, 5, NULL),
(2315, '193-005', 44, 5, NULL),
(2316, '193-005', 45, 5, NULL),
(2317, '193-005', 46, 5, NULL),
(2318, '193-005', 47, 5, NULL),
(2319, '193-005', 50, 5, NULL),
(2320, '193-005', 56, 5, NULL),
(2321, '193-005', 57, 5, NULL),
(2322, '193-005', 51, 5, NULL),
(2323, '193-005', 52, 5, NULL),
(2324, '193-005', 54, 5, NULL),
(2325, '232-002', 39, 5, NULL),
(2326, '232-002', 41, 5, NULL),
(2327, '232-002', 55, 5, NULL),
(2328, '232-002', 42, 5, NULL),
(2329, '232-002', 43, 5, NULL),
(2330, '232-002', 44, 5, 'pernah di ajak nongkrong sama orang yang ada di roblox karena satu kota'),
(2331, '232-002', 45, 5, NULL),
(2332, '232-002', 46, 5, NULL),
(2333, '232-002', 47, 4, NULL),
(2334, '232-002', 50, 4, 'hanya discord saja kalau wa tidak pernah'),
(2335, '232-002', 56, 5, 'selalu kalau gabung servernya orang lain biar banyak relasi'),
(2336, '232-002', 57, 5, 'pernah satu kali ku ejek orang karena avanya bacon haha'),
(2337, '232-002', 51, 5, NULL),
(2338, '232-002', 52, 4, 'emosi lahh pasti'),
(2339, '232-002', 54, 4, NULL),
(2340, '242-009', 39, 5, NULL),
(2341, '242-009', 41, 5, NULL),
(2342, '242-009', 55, 5, NULL),
(2343, '242-009', 42, 3, NULL),
(2344, '242-009', 43, 4, NULL),
(2345, '242-009', 44, 3, NULL),
(2346, '242-009', 45, 5, NULL),
(2347, '242-009', 46, 5, NULL),
(2348, '242-009', 47, 5, NULL),
(2349, '242-009', 50, 3, NULL),
(2350, '242-009', 56, 2, NULL),
(2351, '242-009', 57, 5, 'Saya adalah korban pengejekan avatar karena saya tidak memiliki skin yang bagus , jadi saya sering diabaikan jika ingin berbicara kepada orang lainn'),
(2352, '242-009', 51, 5, NULL),
(2353, '242-009', 52, 5, 'saya sangat marah jika bercandannya bawa bawa fisik, selain itu saya anggap bercandaan semata'),
(2354, '242-009', 54, 5, NULL),
(2355, '242-023', 39, 5, NULL),
(2356, '242-023', 41, 4, NULL),
(2357, '242-023', 55, 5, NULL),
(2358, '242-023', 42, 5, NULL),
(2359, '242-023', 43, 5, NULL),
(2360, '242-023', 44, 4, 'waktu itu saya di ajak orang lain ketemuan di cafe tapi saya tidak mau takut...'),
(2361, '242-023', 45, 5, NULL),
(2362, '242-023', 46, 5, NULL),
(2363, '242-023', 47, 2, NULL),
(2364, '242-023', 50, 4, 'saya cuman bagikan id discord saya karena kalau wa bahaya'),
(2365, '242-023', 56, 5, 'selaluuu karna seru kalau banyak teman main'),
(2366, '242-023', 57, 5, 'cuman lihat saja kalau ejek orang tidak pernah'),
(2367, '242-023', 51, 5, NULL),
(2368, '242-023', 52, 5, 'merasa kesal kalau orang lain sangat berlebihan sekali'),
(2369, '242-023', 54, 4, NULL),
(2370, '252-030', 39, 4, NULL),
(2371, '252-030', 41, 4, NULL),
(2372, '252-030', 55, 4, NULL),
(2373, '252-030', 42, 5, NULL),
(2374, '252-030', 43, 5, NULL),
(2375, '252-030', 44, 5, NULL),
(2376, '252-030', 45, 4, NULL),
(2377, '252-030', 46, 4, NULL),
(2378, '252-030', 47, 5, NULL),
(2379, '252-030', 50, 5, 'saya sering bertukar username ig dengan orang baru diroblox khususnya cewe tapi hanya untuk chat kapan bisa mabar lagi'),
(2380, '252-030', 56, 5, 'saya bergabung jika ada yang menawarkan link discord karena didiscord bebas melakukan voice tanpa ada nya banned jika menggunakan kata kata yg terlarang dari roblox'),
(2381, '252-030', 57, 5, 'saya sering mendapatkan ejekan karena saya tidak dapat membeli robux untuk beli skin yang bagus, jadi saya menggunakan avatar default dari gamenya dan sering dibilangkan &quot;dasar bacon&quot;'),
(2382, '252-030', 51, 5, NULL),
(2383, '252-030', 52, 5, NULL),
(2384, '252-030', 54, 5, NULL),
(2385, '232-018', 39, 5, NULL),
(2386, '232-018', 41, 5, NULL),
(2387, '232-018', 55, 5, NULL),
(2388, '232-018', 42, 4, NULL),
(2389, '232-018', 43, 4, NULL),
(2390, '232-018', 44, 4, NULL),
(2391, '232-018', 45, 5, NULL),
(2392, '232-018', 46, 5, NULL),
(2393, '232-018', 47, 5, NULL),
(2394, '232-018', 50, 5, 'saya sering diajak ke platform lain seperti wa tapi yg paling sering yaitu mutualan ig'),
(2395, '232-018', 56, 4, NULL),
(2396, '232-018', 57, 3, NULL),
(2397, '232-018', 51, 5, NULL),
(2398, '232-018', 52, 5, NULL),
(2399, '232-018', 54, 5, NULL),
(2400, '231-123', 39, 5, NULL),
(2401, '231-123', 41, 5, NULL),
(2402, '231-123', 55, 5, NULL),
(2403, '231-123', 42, 5, NULL),
(2404, '231-123', 43, 5, NULL),
(2405, '231-123', 44, 5, NULL),
(2406, '231-123', 45, 5, NULL),
(2407, '231-123', 46, 5, NULL),
(2408, '231-123', 47, 5, NULL),
(2409, '231-123', 50, 5, NULL),
(2410, '231-123', 56, 5, NULL),
(2411, '231-123', 57, 5, NULL),
(2412, '231-123', 51, 5, NULL),
(2413, '231-123', 52, 5, NULL),
(2414, '231-123', 54, 5, NULL),
(2415, '123-123', 39, 5, NULL),
(2416, '123-123', 41, 4, NULL),
(2417, '123-123', 55, 5, NULL),
(2418, '123-123', 42, 4, NULL),
(2419, '123-123', 43, 5, NULL),
(2420, '123-123', 44, 4, NULL),
(2421, '123-123', 45, 4, NULL),
(2422, '123-123', 46, 5, NULL),
(2423, '123-123', 47, 4, NULL),
(2424, '123-123', 50, 4, NULL),
(2425, '123-123', 56, 5, NULL),
(2426, '123-123', 57, 4, NULL),
(2427, '123-123', 51, 4, NULL),
(2428, '123-123', 52, 5, NULL),
(2429, '123-123', 54, 4, NULL);

-- --------------------------------------------------------

--
-- Table structure for table `kuesioner`
--

CREATE TABLE `kuesioner` (
  `id_pernyataan` int NOT NULL,
  `teks_pernyataan` text NOT NULL,
  `variabel` enum('Keaktifan Komunikasi','Teman Ngobrol','Cara Berkomunikasi','Isi Obrolan','Perasaan Saat Berkomunikasi') NOT NULL,
  `status` enum('aktif','nonaktif') NOT NULL
) ENGINE=InnoDB DEFAULT CHARSET=utf8mb4 COLLATE=utf8mb4_0900_ai_ci;

--
-- Dumping data for table `kuesioner`
--

INSERT INTO `kuesioner` (`id_pernyataan`, `teks_pernyataan`, `variabel`, `status`) VALUES
(39, 'Saya menghabiskan sebagian besar waktu bermain saya untuk berkomunikasi di fitur chat publik Roblox', 'Keaktifan Komunikasi', 'aktif'),
(41, 'Dalam satu sesi permainan, saya sangat sering terlibat dalam percakapan teks maupun suara dengan banyak pemain sekaligus', 'Keaktifan Komunikasi', 'aktif'),
(42, 'Saya lebih sering memulai percakapan dengan pemain baru yang tidak saya kenal di dunia nyata dibandingkan dengan teman akrab', 'Teman Ngobrol', 'aktif'),
(43, 'Saya merespons ajakan berkomunikasi dari siapa pun di server publik tanpa mempertimbangkan profil atau identitas mereka', 'Teman Ngobrol', 'aktif'),
(44, 'Saya sering memberikan tanggapan balik terhadap komentar kasar atau ajakan dari orang asing yang saya temui di dalam game', 'Teman Ngobrol', 'aktif'),
(45, 'Saya sering menggunakan singkatan atau simbol tertentu (misal: p_ay, v-buckz) agar pesan saya tidak disensor oleh sistem Roblox', 'Cara Berkomunikasi', 'aktif'),
(46, 'Saya merasa lebih bebas mengekspresikan diri melalui voice chat karena pesan suara lebih sulit dideteksi sensor dibandingkan teks', 'Cara Berkomunikasi', 'aktif'),
(47, 'Saya menggunakan fitur ekspresi karakter (emot) untuk mengejek atau merendahkan pemain lain saat mereka melakukan kesalahan', 'Cara Berkomunikasi', 'aktif'),
(50, 'Saya sering membagikan atau menerima informasi kontak pribadi (nomor WhatsApp/ID Discord) untuk melanjutkan obrolan di luar platform Roblox', 'Isi Obrolan', 'aktif'),
(51, 'Saya merasa bahwa penggunaan kata-kata kasar atau ejekan dalam game adalah hal yang wajar dan tidak perlu dianggap serius', 'Perasaan Saat Berkomunikasi', 'aktif'),
(52, 'Saya merasa emosi saya mudah terpancing (marah atau kesal) akibat komentar negatif yang saya terima dari pemain lain saat bermain', 'Perasaan Saat Berkomunikasi', 'aktif'),
(54, 'Saya merasa terbiasa dan tidak terganggu lagi ketika melihat pemain lain menjadi korban perundungan (bullying) di kolom chat', 'Perasaan Saat Berkomunikasi', 'aktif'),
(55, 'Saya merasa tidak puas bermain Roblox jika tidak aktif mengobrol dengan pemain lain dalam durasi yang lama', 'Keaktifan Komunikasi', 'aktif'),
(56, 'Saya sering menemui pemain yang mengajak saya masuk ke grup atau server di platform luar (seperti Discord) agar bisa mengobrol tanpa batas sensor', 'Isi Obrolan', 'aktif'),
(57, 'Saya sering melihat atau bahkan terlibat dalam percakapan yang berisi ejekan terkait tampilan avatar pemain lain (seperti sebutan Bacon atau Noob)', 'Isi Obrolan', 'aktif');

-- --------------------------------------------------------

--
-- Table structure for table `siswa`
--

CREATE TABLE `siswa` (
  `id_siswa` int NOT NULL,
  `nis` varchar(20) NOT NULL,
  `nama` varchar(100) NOT NULL,
  `kelas` varchar(20) NOT NULL,
  `usia` int NOT NULL,
  `jenis_kelamin` enum('L','P') NOT NULL
) ENGINE=InnoDB DEFAULT CHARSET=utf8mb4 COLLATE=utf8mb4_0900_ai_ci;

--
-- Dumping data for table `siswa`
--

INSERT INTO `siswa` (`id_siswa`, `nis`, `nama`, `kelas`, `usia`, `jenis_kelamin`) VALUES
(12, '233-007', 'Azhar zaid', 'XII DKV', 18, 'L'),
(13, '233-036', 'Shalwa Nur Aisyah', 'XII DKV', 18, 'P'),
(14, '233-040', 'Syifah Nurcahyani', 'XII DKV', 17, 'P'),
(15, '233-017', 'Maria Theofila Pede', 'XII DKV 1', 18, 'P'),
(16, '233-019', 'muhammad fauzil adhim', 'XII DKV', 18, 'L'),
(17, '233-011', 'Fatimah Zahra', 'XII DKV', 18, 'P'),
(18, '233-032', 'ratu balqis', 'XII DKV', 17, 'P'),
(19, '233-043', 'Miftahul Falah Haska', 'XII DKV', 18, 'L'),
(20, '233-029', 'Nurul Zaskia Jufri', 'XII DKV', 17, 'P'),
(21, '233-018', 'Muh. Imam Khomeny', 'XII DKV', 18, 'L'),
(22, '233-006', 'Andini Ramadhani', 'XII DKV', 17, 'P'),
(23, '233-033', 'Riki aldiansyah', '12 DKV', 17, 'L'),
(24, '233-030', 'RAFFI ISLAMI KAEZAR', 'XII DKV', 17, 'L'),
(25, '233-022', 'Muhammad Fadhiel Mubarakh', 'Xll DKV', 18, 'L'),
(26, '233-014', 'Isra’el jibran', 'XII DKV', 18, 'L'),
(27, '233-037', 'sifa', 'XII.DKV', 17, 'P'),
(28, '233-012', 'Giofanes Ratu Sanda', 'XII DKV', 18, 'L'),
(30, '233-034', 'Riyadi Syukri', 'XII DKV', 17, 'L'),
(32, '233-020', 'muh.nur imam', 'XII DKV', 17, 'L'),
(34, '0088930311', 'DIRGA YUDISTIRA', 'XII DKV 1', 17, 'L'),
(35, '233042', 'zalza ganiyah', 'XII DKV', 17, 'P'),
(36, '233-023', 'Muh.Ilham Adi Putra', 'XII DKV', 19, 'L'),
(38, '242034', 'yasmin asika azzahra', 'XI PPLG', 17, 'P'),
(39, '242026', 'Naufal Zaid Setiawan', 'XI PPLG', 16, 'L'),
(40, '242020', 'Muh.Azhiemi Sulthaaniq Ahsan', 'XI PPLG', 16, 'L'),
(41, '242-001', 'AHMAD FAIZAL SAAD', 'XI PPLG', 16, 'L'),
(42, '242012', 'Machita A&#039;yunil Hizbiyyah', 'XI PPLG', 16, 'P'),
(43, '242-003', 'Andi Harun Anugrah Suradi', 'XI PPLG', 17, 'L'),
(44, '242-014', 'Muh nur afrizal', 'Xl pplg', 16, 'L'),
(45, '242019', 'Muh Arfan budu Sahar', 'Xl PPLG', 16, 'L'),
(47, '242-027', 'Nur Azizah Rahmawati', 'XI PPLG', 17, 'P'),
(48, '242018', 'MUH.ADIL FERKA', 'XI PPLG', 16, 'L'),
(49, '242-002', 'Ahmad Shiddiq Al Fathanah', 'XI PPLG17', 17, 'L'),
(50, '242-010', 'indira ayu cahya prayitno', 'XI PPLG', 18, 'P'),
(51, '242016', 'Muh Rezky Anugra', 'XI RPL 1', 17, 'L'),
(52, '242-006', 'Anjelin Wiensri Mallisa', 'XI PPLG', 16, 'P'),
(53, '242-029', 'Nurul Mutiah', 'XI PPLG', 17, 'P'),
(54, '242-030', 'Rezky rachmat', 'XI PPLG', 16, 'L'),
(55, '242022', 'Muh. Indra Seftiawan', 'XI PPLG', 16, 'L'),
(56, '242021', 'Muh Zaky Nur Ramadhan', 'XI PPLG', 17, 'L'),
(57, '242-015', 'Muh Revan', 'XI PPLG', 16, 'L'),
(58, '242-036', 'Zulfikar Kasau', 'XI PPLG', 16, 'L'),
(59, '242-035', 'Yusup Sabar nur', 'XI PPLG', 17, 'L'),
(60, '242-007', 'Asnany syalwa', 'XI.PPLG', 17, 'P'),
(61, '242023', 'Muhammad Yahya', 'X1 pplg', 17, 'L'),
(62, '242028', 'Nurhalisa', 'XI PPLG', 17, 'P'),
(63, '242004', 'Andi Nurul Khasanah N', 'XI PPLG', 17, 'P'),
(64, '242-024', 'Namira Almunawarah', 'XI PPLG', 16, 'P'),
(65, '242-011', 'Jasmine karunia hidayah', 'XI PPLG', 17, 'P'),
(66, '242-033', 'Sofia Agatha B', 'XI PPLG', 17, 'P'),
(67, '242031', 'Rifky Aditya Dwiputra', 'XI PPLG', 17, 'L'),
(68, '232-010', 'Angga', 'XII PPLG', 18, 'L'),
(69, '232-026', 'muh nashrul faizin', 'XII PPLG', 18, 'L'),
(70, '232-017', 'Muh Andhika Alfatir', 'XII PPLG', 17, 'L'),
(71, '232040', 'Salwah Afiah Ramadani', 'XII PPLH', 17, 'P'),
(72, '232018', 'Muh.Fachri Dzakwan Imran', 'XII PPLG', 18, 'L'),
(73, '232033', 'nurul muftiha', 'XII PPLG', 18, 'P'),
(74, '232041', 'Syamsul ma&#039; arif', 'XII PPLG', 17, 'L'),
(75, '232030', 'NUR SAKINAH', 'XII PPLG', 17, 'P'),
(76, '232023', 'Muhammad dwinandika', 'XII PPLG', 17, 'L'),
(78, '232009', 'Andi Tenri Indara C', 'XII PPLG', 17, 'P'),
(79, '232031', 'Nurhaini Arma', 'XII PPLG', 17, 'P'),
(80, '232019', 'Muh. Ali Imran Abduh', 'XII PPLG', 17, 'L'),
(81, '232001', 'AHMAD ANATHA MAULANA', 'XII. PPLG', 17, 'L'),
(82, '232014', 'Fajrian fandi', 'XII PPLG', 18, 'L'),
(83, '232-029', 'Nabila Wahdania', 'XII PPLG', 17, 'P'),
(84, '232-005', 'Alanis Zairah', 'Xl.PPLG', 17, 'P'),
(85, '232024', 'Muhammad Ezzawa Nidlomuddin', 'XII PPLG', 18, 'L'),
(86, '232-044', 'Syahwa Nanda Syaherah', 'XII PPLG', 18, 'P'),
(87, '232-004', 'Aila Andiera Pratiwi', 'XII PPLG', 17, 'P'),
(88, '232021', 'Muh. Ridho Fais Al Aqil', 'XII PPLG', 17, 'L'),
(89, '232043', 'SUCI HANDAYANI AS.', 'XII PPLG', 18, 'P'),
(90, '232042', 'Sri Silvia Larasati', 'XII PPLG', 18, 'P'),
(91, '232-032', 'Nurul Maghfirah', 'XII PPLG', 18, 'P'),
(92, '232-028', 'Mujahid Hafidz Shiddiq', 'XII PPLG', 17, 'L'),
(93, '232-011', 'Aurah Auliya', 'XII.PPLG', 18, 'P'),
(95, '232-025', 'Muhammad Fadlil', 'XII PPLG', 18, 'L'),
(96, '232016', 'Muh Al-fatih M', 'XII pplg', 17, 'L'),
(98, '2320002', 'Ahmad Harun Husny', 'XII PPLG', 18, 'L'),
(101, '232-020', 'Muh. Hariya', 'XII PPLG', 17, 'L'),
(102, '232003', 'Aidil Fajri', 'XII PPL G', 17, 'L'),
(103, '232034', 'Ian', 'XII PPLG', 19, 'L'),
(105, '232-035', 'PUTRI ADELIA AGUSTINA', 'XII PPLG', 18, 'P'),
(107, '233-001', 'Aina Mrdyh', 'XII DKV', 18, 'P'),
(108, '232-007', 'Alisah Bakri', 'XII PPLG', 18, 'P'),
(109, '233-003', 'Anatasya', 'XII DKV', 18, 'P'),
(110, '232-015', 'Jauri Aulia Samad', 'XI PPLG', 18, 'P'),
(111, '233-921', 'Muhammad Ali', 'XII DKV', 19, 'L'),
(112, '232-036', 'Rani Febriyanti', 'XII PPLG', 17, 'P'),
(113, '233-039', 'Sri Wahyuni Basri', 'XII PPLG', 17, 'P'),
(114, '252-002', 'Alya Nugraha', 'X PPLG', 16, 'P'),
(115, '252-027', 'Nurul Hikmah', 'X. PPLG', 16, 'P'),
(116, '252-001', 'Ade Luna Aulia', 'X PPLG', 15, 'P'),
(117, '252-005', 'Azfar Nur hisyam Rahmat', 'X PPLG', 16, 'L'),
(118, '252-009', 'Faried Ibnu Ade Tamrin', 'X PPLG', 15, 'L'),
(119, '2520-012', 'Hanif andi palongengi', 'X PPLG', 16, 'L'),
(121, '252-036', 'Yasmin.s', 'X pplg', 16, 'P'),
(122, '252-016', 'M.KAHFI RISKI PRATAMA', 'X PPLG 1', 15, 'L'),
(123, '252-026', 'NUR ANNISA PRILLY MUQSAL', 'X PPLG', 16, 'P'),
(124, '252-031', 'Ryan Edinata', 'X PPLG', 16, 'L'),
(125, '252-013', 'Hartika', 'X PPLG', 15, 'P'),
(126, '252030', 'Reyhan Prananda Putra', 'X PPLG', 15, 'L'),
(127, '252-022', 'Muhammad Qimda Azzury Giani', 'X RPL', 16, 'L'),
(128, '252-008', 'Wardddd', 'X PPLG', 16, 'L'),
(129, '252-019', 'muh.fahrul al gani', 'x•pplg', 15, 'L'),
(132, '252028', 'Nurul Khaerani', 'X PPLG', 16, 'P'),
(133, '253-024', 'Nadya Zahira Nasrun', 'X PPLG', 16, 'P'),
(134, '252-007', 'celsi', 'x pplg', 16, 'P'),
(135, '252-015', 'Lathifah Syahrani Putri', 'X PPLG', 15, 'P'),
(136, '252-023', 'muhammad reski', 'X PPLG', 15, 'L'),
(137, '252010', 'Fauzi usama', 'X pplg', 16, 'L'),
(138, '252-017', 'M.Rafi mahesa', 'x.pplg', 16, 'L'),
(139, '252-020', 'Fadri', 'X PPLG', 15, 'L'),
(140, '252-029', 'Rafkah zahy', 'X.pplg', 16, 'L'),
(141, '252-014', 'Jihan dzakiyah al amin', 'X-PPLG', 15, 'P'),
(142, '252-035', 'Wanda Lestari', 'X PPLG', 15, 'P'),
(143, '252-037', 'nazrifah', 'X PPLG', 16, 'P'),
(145, '251-002', 'Alamsyah', 'X.TJKT', 15, 'L'),
(146, '251010', 'M roziqul fajariansyah', 'X tjkt', 16, 'L'),
(147, '251-032', 'Rizky Aditya riawan', 'X tjkt', 15, 'L'),
(148, '0096821293', 'Muhammad Surya Al-faqih', 'X TJKT', 16, 'L'),
(149, '251-014', 'Muh.Naufal Rafif', 'X TJKT', 16, 'L'),
(150, '251-036', 'Zukhaerul As&#039;ad', 'X TJKT', 16, 'L'),
(151, '251-028', 'Qhinaya gisella samba', 'X. TJKT', 16, 'P'),
(152, '251027', 'Nursakina Rahmania', 'X TJKT', 15, 'P'),
(153, '251-024', 'Muhammad Ilham Kamaruddin', 'X TJKT', 16, 'L'),
(154, '0093794275', 'M.Rizaldi Eros Alang Tipa', 'X Tjkt', 16, 'L'),
(155, '251-007', 'Iren meilani', 'X TJKT', 17, 'P'),
(156, '251-001', 'A.arjul khaer', 'X.tjkt', 16, 'L'),
(157, '251-012', 'Maura damayanti', 'x tjkt', 16, 'P'),
(158, '251-030', 'Rahmat rifai', '( XTJKT)', 16, 'L'),
(159, '251-021', 'Muh Sarman Darman', 'X TJKT', 15, 'L'),
(160, '251006', 'Fahira', 'X TJKT', 16, 'P'),
(161, '251-015', 'Muh.ainunrafli', 'X.TJKT', 15, 'L'),
(162, '251011', 'Marlen Sean Christiani', 'X.TJKT', 15, 'P'),
(163, '251035', 'Zaqiahfitriayani', 'X. TJKT', 15, 'P'),
(165, '251-033', 'Salsabila saputri', 'X TJKT 1', 16, 'P'),
(167, '251008', 'Irmayanti', 'X tjkt', 16, 'P'),
(168, '251-020', 'muh rizky mulyadi', '( X TJKT)', 16, 'L'),
(169, '251-005', 'Eka safitri', 'X TJKT', 16, 'P'),
(170, '251-031', 'Rangga Aditya Alviano', 'X.TJKT', 16, 'L'),
(171, '251016', 'MUH ARFAN RAJA', 'X.TJKT', 16, 'L'),
(173, '251026', 'Nur asia', 'X.TJKT', 15, 'P'),
(174, '251-017', 'Muh.didin Iriansyah r', 'X.tjkt', 16, 'L'),
(175, '251-029', 'Rafi fachriza maulana', 'X TJKT', 16, 'L'),
(176, '251 - 022', 'Muh. Sultan nur alam', 'X. TJKT', 17, 'L'),
(177, '251-034', 'suci ramadhani', 'X tjkt', 17, 'P'),
(179, '251-003', 'Atha Zahy Fathin', 'X TJKT', 16, 'L'),
(180, '251-023', 'Muh. Yahya Pratama S.', 'X TJKT', 16, 'L'),
(181, '252-021', 'Muhammad Fachri Atqa', 'X PPLG', 16, 'L'),
(183, '232-002', 'Rahmat Ramadhani', 'XII PPLG', 18, 'L'),
(184, '242-009', 'Rifky Apriansyah', 'XI PPL G', 17, 'L'),
(185, '242-023', 'Noviyanti', 'XI DKV', 16, 'P'),
(186, '252-030', 'Muh Khalif', 'X TJK', 16, 'L'),
(187, '232-018', 'Rahmalisa Putri', 'XII PPL G', 18, 'P');

-- --------------------------------------------------------

--
-- Table structure for table `users`
--

CREATE TABLE `users` (
  `id_user` int NOT NULL,
  `nis` varchar(20) NOT NULL,
  `password` varchar(200) NOT NULL,
  `role` enum('admin','user') NOT NULL,
  `created_at` timestamp NOT NULL DEFAULT CURRENT_TIMESTAMP
) ENGINE=InnoDB DEFAULT CHARSET=utf8mb4 COLLATE=utf8mb4_0900_ai_ci;

--
-- Dumping data for table `users`
--

INSERT INTO `users` (`id_user`, `nis`, `password`, `role`, `created_at`) VALUES
(1, '222374', 'bayu24', 'admin', '2025-12-23 09:48:51'),
(14, '233-036', '$2y$10$.fz9puohAFwLH9NUmRfaguG8nIT8a.1Gjkcxq4jtGS.5.AoH8xWJC', 'user', '2026-01-28 05:08:37'),
(15, '233-040', '$2y$10$X8vhhheKaiCNEXWHH0xaPef8ncS9AvFOQQVmWFR7xc7i9oQ0xrSqi', 'user', '2026-01-28 05:08:41'),
(16, '233-017', '$2y$10$WfCltg7RkFYK50BD.5qb7eglnw5o/zmxkVrL.XdYcCkrvTi852G3i', 'user', '2026-01-28 05:08:42'),
(17, '233-019', '$2y$10$Ztvhuv2q1MSyYYburaObFedeXw224S4U7KMfpCm8TX2ixCy.jaVEi', 'user', '2026-01-28 05:08:43'),
(18, '233-011', '$2y$10$MbgNZYe5Y2JFs.rkDlnqUOPrWd2WVvgk64MODN/xPBKIEonR/YxE.', 'user', '2026-01-28 05:08:54'),
(19, '233-032', '$2y$10$jVLMVWNsg5HPl.LihjGgb.MSlqT7EoNoyWiiwdIm5vpJ/vKFyg4N6', 'user', '2026-01-28 05:08:57'),
(20, '233-043', '$2y$10$bBLzmivkBqw3KKzsdBoc7.ghdDC2AS.J51k0iyjY58qXB2EffhHBu', 'user', '2026-01-28 05:09:11'),
(21, '233-029', '$2y$10$HruGV/jVFDN3ImRjqzpbNuL02CcR894rcrgRT4/T9eoo1PkBj2tE6', 'user', '2026-01-28 05:09:13'),
(22, '233-018', '$2y$10$o/f8/vBjd6e7.wLYqKZ4peDzCSn/ACs2Nk92a.s7jy1xUQHpKfW.q', 'user', '2026-01-28 05:09:53'),
(23, '233-006', '$2y$10$E3xr0TRyTxhzOnsQbKAKAeosut4n94kmj3HKPQYZW5hV4qdPVcT7O', 'user', '2026-01-28 05:09:54'),
(24, '233-033', '$2y$10$RAE/ihaSFMrf9lUtnwJJT.uCFYmOAx2Gzaod8yksV1lAhD98w3lXW', 'user', '2026-01-28 05:10:39'),
(25, '233-030', '$2y$10$.pU8d7WA.bv0ZD37cJaKt.9J0wlJsNR1EQ/ZYfknIWSJhfr6SkXDi', 'user', '2026-01-28 05:10:40'),
(26, '233-022', '$2y$10$2NsitQ3fYu.Ts/2/o5V0L.njSJKJKkmT5p0cLgbjI9Mdmt2NXyUcO', 'user', '2026-01-28 05:10:57'),
(27, '233-014', '$2y$10$59R48tXTHnbHtJqKHz6l3OQRJQL/GzST32QbOW3MajIWp1lA8IjtG', 'user', '2026-01-28 05:11:51'),
(28, '233-037', '$2y$10$JkZizi7bZXf7Lr3z/sn1s.Kf2hj4aEpSBr8.QHCOUb20RAlyqgaum', 'user', '2026-01-28 05:12:04'),
(29, '233-012', '$2y$10$WTouvtGLM/Z.GS5ifDllXOiQoSqXtR5hZaCBfuDwVJ.OSiCNlJxlW', 'user', '2026-01-28 05:12:06'),
(31, '233-034', '$2y$10$BCLjqw0zghCtT/BLjZ9jz.34l1j1SWrsIVMhklvgR/IJS8gb72/BS', 'user', '2026-01-28 05:12:56'),
(32, '233010', '$2y$10$aKanUbBTx6qZk7V4fNGuD.33GYok7FdU/dyLAk4TTlA78Jxgol6xC', 'user', '2026-01-28 05:13:27'),
(33, '233-020', '$2y$10$kvQD.ITJRpcBOY/xpvUyO.yfNQwasAwPlufzYL0wlJFPkOBijbEMO', 'user', '2026-01-28 05:13:34'),
(35, '0088930311', '$2y$10$gLpU/YQ2vWxzGF3qmHW7AOpRzRRaryGQr0XA2Ou5/gtST/5sEPno.', 'user', '2026-01-28 05:14:38'),
(36, '233042', '$2y$10$LgQTA1AgpqVz5tLx980CF.OCnIOBfqr1LxP0scNPpXSFY5ugo5mGK', 'user', '2026-01-28 05:14:43'),
(37, '233-023', '$2y$10$dS9aVYsmVvdoClsNMaByk.F2PD6Lh49oooZRCi/9XZ6iGN0lOEwJa', 'user', '2026-01-28 05:16:23'),
(39, '242034', '$2y$10$7pVC/cOTDBkBCUVZC7YFQO3R0rTIU9CGg2azl8tWoM6j4Dy2wvGtC', 'user', '2026-01-28 05:24:18'),
(40, '242026', '$2y$10$0weAevk2TrPA1.egmTSBieTmPtwRh4jz9Aqv6sEnbhi7bGouetUCq', 'user', '2026-01-28 05:24:37'),
(41, '242020', '$2y$10$yk94GlpCLjRi4lRb1ow2N.B9PVoR2UY//8pIwu3oDvT6E7k9Qa.1C', 'user', '2026-01-28 05:24:40'),
(42, '242-001', '$2y$10$K85EFvUnGqEwUaviZh62CuDUkwLq6I7PFXEu5hLr.W5X//aGqctBS', 'user', '2026-01-28 05:24:41'),
(43, '242012', '$2y$10$8iMZPlshEkWe5U5Lte0c4OrLyPkx/a.iiSEJi0CeEVDNxYVCVRVyO', 'user', '2026-01-28 05:25:06'),
(44, '242-003', '$2y$10$gOTwd6JM/dKboWhtv6oEU.C1bhwGh4snP35HSdLg1W6Okyl6hyUWO', 'user', '2026-01-28 05:25:51'),
(45, '242-014', '$2y$10$IDJEpvCPy7UViSJ9zhKGa.LSwz0uubva2dzuSmwY1SfpfRzb6/6j6', 'user', '2026-01-28 05:26:37'),
(46, '242019', '$2y$10$5zpZPDbhk08QM4rijb3Xz.7qtKtRWTDn.f9N/scwe3aEnzhKzQKRK', 'user', '2026-01-28 05:27:07'),
(47, '242', '$2y$10$DP9acjxWjtomMg6hcOZknesuASqCp1kKuhOKT2BssUoOY.UAvcHbu', 'user', '2026-01-28 05:27:45'),
(48, '242-027', '$2y$10$php.QBv6pvZWXGwAeqClE.vN/7PS5vY.6ZlwGow3TZLBuq3iT0E5m', 'user', '2026-01-28 05:28:08'),
(49, '242018', '$2y$10$0YmTG9YFKLGFIdArsmuYXOn.26cselNM/YmIqJcvRiWZRd/doUlWG', 'user', '2026-01-28 05:28:41'),
(50, '242-002', '$2y$10$D7FejYphA4aHyPI/qIEopuikViXGRIIiLzRSWvMDSzxQGWHkb/Rfm', 'user', '2026-01-28 05:28:45'),
(51, '242-010', '$2y$10$MuAoxoGMVSedfSnIgsMd4uMcwetwQHXNa9BUFq/xTlS04HLzdfIpy', 'user', '2026-01-28 05:30:30'),
(52, '242016', '$2y$10$jVoBzYjaM/5i7YT5GmJv/OwUP7KChFCAsanjoy8TJcwt2FwthoL0q', 'user', '2026-01-28 05:30:35'),
(53, '242-006', '$2y$10$lJWAzOo0CERdjVWK1te/Kuzr7wyAm/lMuGVFWC6YratBJ.KC/FDae', 'user', '2026-01-28 05:30:35'),
(54, '242-029', '$2y$10$LeGH2Sw3.J6.LQknU6DPduxzxhxEoKd7QQUe6NCdwFdlXvFaVAyWu', 'user', '2026-01-28 05:30:47'),
(55, '242-030', '$2y$10$QAOJl7D5EB3.ZJhS/sRnYuGnUWpNf1TINUNOEYVrGLtooICdS.Py2', 'user', '2026-01-28 05:31:24'),
(56, '242022', '$2y$10$tdll/RuiqqeFMDUUYtet1uIB4KzfChQ6uQCJ1vWwhl.DlDWPN8Q.y', 'user', '2026-01-28 05:31:34'),
(57, '242021', '$2y$10$LK7Bfdi8mNC.GNoy30RdS.4ezdGJvRdAbytPNnjVzzYxJ9O/O2vqS', 'user', '2026-01-28 05:31:41'),
(58, '242-015', '$2y$10$aNvpSiH66swqzEByVjtUvucG5QzFdxuv1cPHbEK/Dib4TbC8z/bRm', 'user', '2026-01-28 05:31:57'),
(59, '242-036', '$2y$10$rn4JZsml7/XLb5C.8/kAv.CkoAsWV1bJssyt56ZZUX6BdJjuMxhw.', 'user', '2026-01-28 05:32:00'),
(60, '242-035', '$2y$10$r3zUhGZERw3uwihYOSv8k.ZVKkWEkTZUWuOMcjkq2FqeBRa5JIK3C', 'user', '2026-01-28 05:32:03'),
(61, '242-007', '$2y$10$aae3hKceKGKclHYlNrPQM.KFstsCLoJGbDz0t54sBjqh1fW8DHTUq', 'user', '2026-01-28 05:32:12'),
(62, '242023', '$2y$10$qnD3joMj/89vyexoHpEeg.UAydicVjKggV54qqPK/Iw63BOomeUiS', 'user', '2026-01-28 05:32:48'),
(63, '242028', '$2y$10$dCON01M7y8VfIftFJSNTZukQVpI3fBdN9.fcS5RuEEQ38CPGoEIZ.', 'user', '2026-01-28 05:32:52'),
(64, '242004', '$2y$10$v0BW7vpQYQMR5Yr95g/iCu7B5PJP44Yzkni9JhZi0bnSMj4MPNOWi', 'user', '2026-01-28 05:34:17'),
(65, '242-024', '$2y$10$HhUi5VMtDAz2gjHILBFBoee9pASJjywNZcZ9TkvO54HHSdiMDN0tC', 'user', '2026-01-28 05:34:34'),
(66, '242-011', '$2y$10$tJZkEAG1kDBxDuTIi0lYQubXH7uei6y.afy2DHs3kcTxlC2PWry82', 'user', '2026-01-28 05:34:38'),
(67, '242-033', '$2y$10$XJ2SmPHMWLdMBXPaBWHLeOhzcx2qm56PlN7U/COUOm7vTTmPDPHJ.', 'user', '2026-01-28 05:35:19'),
(68, '242031', '$2y$10$A9r8oawk1xUWCAyDHCsX5ObbDrBACIOG8Ol9Amkas8ngH9nSVIi0C', 'user', '2026-01-28 05:35:35'),
(69, '232-010', '$2y$10$wIEikKDIvLzSugNSCNAsEu16l01uSFc3T3tXLm4UKGNNEcbFqmzoG', 'user', '2026-01-28 05:44:00'),
(70, '232-026', '$2y$10$gRoPIFcZWAGPSoRuMR5Ox.Zz6y7Kg8XY2alB/uaeKYkgwQr2T.eQ.', 'user', '2026-01-28 05:45:07'),
(71, '232-017', '$2y$10$kshv0zArvxQh1IeHRBXtoO.rhS3uOL9Lb49RvLr7CW43xh4ePw.8G', 'user', '2026-01-28 05:45:12'),
(72, '232040', '$2y$10$pK/sFy93GIq7Mv.OQf9JouZlQix.cc4llcetmjgLRDnkjb6w6lmJa', 'user', '2026-01-28 05:45:22'),
(73, '232018', '$2y$10$L7ARIjFNTLlGhXjQ0dRhxeMvVSItFfK.ZNRHOHqlBWuCHAd566ZR6', 'user', '2026-01-28 05:45:28'),
(74, '232033', '$2y$10$3vWSOGKwJ712AoMgSRFireFQ.ZFkQTYfSNo0Dau0bCSLbANRlxH/W', 'user', '2026-01-28 05:45:34'),
(75, '232041', '$2y$10$Hk.eIMXwQeQMf1ZgHi864O/piXReTwhY0uONSxysK9rHiTuDOAQx6', 'user', '2026-01-28 05:45:44'),
(76, '232030', '$2y$10$EfR9am9tQUXtPVkcvtJlJODOOnSPbz.QvdrCsPI2m.G0HNkHIHxuW', 'user', '2026-01-28 05:46:00'),
(77, '232023', '$2y$10$UxclwfL8EIB1Z/3Rqc2u3emxNQbiLu/U39SuC7ckr3Ai/puNav74q', 'user', '2026-01-28 05:46:01'),
(78, '232002', '$2y$10$Kb2dhN9S96Fn2UT4Wktd9OFdWp7OVsdUQdmzh.ebZt8T/FriI5luO', 'user', '2026-01-28 05:46:03'),
(79, '232009', '$2y$10$TBX//FBWm8.4sMUGkXK3.O4hjYGkJgKZsXYBoEIk2Oaw7/16KUzWe', 'user', '2026-01-28 05:46:25'),
(80, '232031', '$2y$10$ZcQ3FwlzSijRkeLcHJ/CXORYW3G2nZs3lDaEmZOTu4Z3R0//sY.p6', 'user', '2026-01-28 05:46:25'),
(81, '232019', '$2y$10$spGzRfFJOWKm7YB1YhUiZejoH6K3fn2Sxtn5Rcn.cGfOwbyCewACS', 'user', '2026-01-28 05:46:27'),
(82, '232001', '$2y$10$g0K92bk2wn52jY08FWRbEu3a.cgTaS6V1Mvz0gv1Jg0Ey6k10jjZ2', 'user', '2026-01-28 05:46:39'),
(83, '232014', '$2y$10$B5t6L6XsA/6mh5AoNxLVnuChfaNtlObrwNT5TOqvxF4dIOVTUdSoW', 'user', '2026-01-28 05:46:40'),
(84, '232-029', '$2y$10$.3x/ZSHGdw3vG.vCL/tDN.4C6hPSKpjp3d/5Wetz6ti8Ql6pH8W22', 'user', '2026-01-28 05:47:04'),
(85, '232-005', '$2y$10$mOhDQpOMpIpvuWZ.vWlQ5.dZ3RyfQvPrwG.QOfA6ZNTryrDhn91PK', 'user', '2026-01-28 05:47:11'),
(86, '232024', '$2y$10$NdUSkpHJJdNx.v1qDhWBvOuCrR.w3dpoFH46JrCcZM/YJfcDqA.9y', 'user', '2026-01-28 05:47:15'),
(87, '232-044', '$2y$10$Ye3JkH6L/Fdxoq6NJ5YfyeV2lP8DhwqpeLLVWNvZjbwfns7dAMIIm', 'user', '2026-01-28 05:47:21'),
(88, '232-004', '$2y$10$EjrnsIuf3VibXH73pBIgZ.8XCrODZiRhYkwd5TfDJGgf6rOEDwMDC', 'user', '2026-01-28 05:47:34'),
(89, '232021', '$2y$10$bHdEqaeoSSjF368TlIEt/u2TaJ6M35JEoMKuL3Fu2JRfddQgcZ5MS', 'user', '2026-01-28 05:47:36'),
(90, '232043', '$2y$10$zxJU/9I7eyJ8Nz8YRxQLwueicA.OAw7JsJKIHCxFlDZ0tNe5yrq/.', 'user', '2026-01-28 05:47:53'),
(91, '232042', '$2y$10$qCbAYUkWcNAjoBQhlTs1oeu0WbX0fkhYe9Z62CHOnCVoKfy80wfuG', 'user', '2026-01-28 05:48:22'),
(92, '232-032', '$2y$10$PPfeELw.sXQoz5zjAdQ1SO6MuRPCTUybPXTOA6Yn4ZfafVD7PxVW6', 'user', '2026-01-28 05:48:30'),
(93, '232-028', '$2y$10$ta9fwgwP1GOoBv4BkTpdU.Cj11ekWngUjUNrvl8R4YqxUyF6wG8He', 'user', '2026-01-28 05:48:38'),
(94, '232-011', '$2y$10$lddCRM/nI0DgzEfpf.mLnu7WhMgwj7UQw9gad4WsPgxa01g4n6eDS', 'user', '2026-01-28 05:48:53'),
(96, '232-025', '$2y$10$A8Yw8Jb.ckf06iDsYutUL.kfH4POFtjGoDbxypy/.AK.eLS8f92sK', 'user', '2026-01-28 05:49:49'),
(97, '232016', '$2y$10$ZHx.OTwaHuJzI5ooHkVpwuHg4TGYVd8THgnGPEkhdAZb/zkoVEvxW', 'user', '2026-01-28 05:50:39'),
(98, '232-003', '$2y$10$sI/HFGafZSVpQCO6euNA9.FMRnoLTYhMmsKkIbWjjHmkNFqwVzVI6', 'user', '2026-01-28 05:50:56'),
(99, '2320002', '$2y$10$dJXxfXBLIeukxA/V25RTyO5zFGtl8pgj4LKg5Hto6LbDsJPkZaxoy', 'user', '2026-01-28 05:52:01'),
(102, '232-020', '$2y$10$RtXhIQp1qc8BXlU78TBgueGoWIq/lzch0noou5ATN7mHgmd4XjRh6', 'user', '2026-01-28 05:53:13'),
(103, '232003', '$2y$10$ZUvXMW5vcmYOMvPCP2HX2ezpzExTIIk0GqRPfDRl6/oLNFCiXifv2', 'user', '2026-01-28 05:53:42'),
(104, '232034', '$2y$10$eFAfy98htDxlkhNZcJncrep4iNfp1yabPXuHgMw1rRUaqJZlntTBy', 'user', '2026-01-28 05:55:21'),
(106, '232-035', '$2y$10$xegITz7Fl096oDVFPLEQ2O0jqMxAcMp.woj2t5KqAVc4yTYMKrojO', 'user', '2026-01-28 07:14:53'),
(108, '233-001', '$2y$10$fwOmHAJqfb8FsklGFW.yauYrEwsnI1rsR2KK6I7AGWVdkVwgzeLbG', 'user', '2026-01-28 09:05:37'),
(109, '232-007', '$2y$10$yrlTsZ5LKwPy2czG7uEcrOpmlpAuJhSMB7AUHJ0ZGDR2rfM2CnWfO', 'user', '2026-01-28 09:12:11'),
(110, '233-003', '$2y$10$6Z00.uuA1Hlo8.GsqJKrjeP8yxJJb8ZyQrHwU7ZMjrcaUdBtlS5nu', 'user', '2026-01-28 09:30:23'),
(111, '232-015', '$2y$10$GqlVG62tuIxnRRzIhqlhcOSxGri3/1WmhTKVCMbshxN4Sok9RuTuS', 'user', '2026-01-28 09:34:30'),
(112, '233-921', '$2y$10$JWN0xq9NyZG0NHq5T8lb1uHtKCcHA.o3A/1Ra3CLYNBF4XAxONodu', 'user', '2026-01-28 09:45:02'),
(113, '232-036', '$2y$10$854ECCb4iAzDCcIk.D/i3eURqEGamIDdwPu5ahtkDTaA4fzhCxhf.', 'user', '2026-01-28 09:50:32'),
(114, '233-039', '$2y$10$3NSIWBZTH0pw/L.2X9A/uuK0JAp6YpW421SCxpyle6xUHcWhVhnhK', 'user', '2026-01-28 09:53:46'),
(115, '252-002', '$2y$10$rL2tOkvJfxPsrTwnJdpfregKLLtTQt/vywgd1hdevKryJhs1Lcq2u', 'user', '2026-01-29 00:49:07'),
(116, '252-027', '$2y$10$KVjrva7hzNWUfg6vPx/7AucC3jkAYhvYK1qo.T/Fplj96ZMB1cXUW', 'user', '2026-01-29 00:49:09'),
(117, '252-001', '$2y$10$MVcVWNVALJQP0HMsFB1v2.9/ZYjWJtNrMwuz3y0/m.iLrIjz.Oiay', 'user', '2026-01-29 00:49:15'),
(118, '252-005', '$2y$10$Ub8RmnND2WlJOQnIQKAJu.8xEpDMJkKyYWtOLbRNqvL30XoP4kx5y', 'user', '2026-01-29 00:49:49'),
(119, '252-009', '$2y$10$6NxcfzerdY0LJuMGrGNBe.VYCm9fsZH1Bbh29qwPopdlRpmil0DFC', 'user', '2026-01-29 00:49:50'),
(120, '2520-012', '$2y$10$Uo2qjFlmgt8JXs7ELjKKeuogIPPz1m67nb6FxEmm1RL6jaHDJVrsi', 'user', '2026-01-29 00:49:57'),
(121, '252-028', '$2y$10$odn5j7TshsBvbu4WGPb2X.B1Idunw02GUSVv3oXRx8CG.BeaYYYgK', 'user', '2026-01-29 00:50:10'),
(122, '252-036', '$2y$10$RXJo6ci3l/1CaOZtvlz9GOWo6KtPTaowMQBWiK/D4botzD1kFSEKa', 'user', '2026-01-29 00:50:11'),
(123, '252-016', '$2y$10$i562fZG35yqEeQhkAuGqSOri.qyQGeFRUfvvqkA3IRpFFbGbXwETu', 'user', '2026-01-29 00:50:13'),
(124, '252-026', '$2y$10$6PgITfaOY4zy.xdlx3zQoOwos7pwpscKDzHYzdjxIcoIr3QOkA/wO', 'user', '2026-01-29 00:50:15'),
(125, '252-031', '$2y$10$wv9BNdleZDgT4u8L.gBCeukua3SMGx4y6RJVDe92GrhL7YB4Qv/.e', 'user', '2026-01-29 00:50:17'),
(126, '252-013', '$2y$10$Jc5N3REolJTNi3mrke6lB.3rMkm/usUzl4EkCGAbC8bNczBUFazpS', 'user', '2026-01-29 00:50:35'),
(127, '252030', '$2y$10$EjrUf0HHHqe30bQTN07F6.s12fRIbnBB3vnEUcmrDrI31SFPe.iCC', 'user', '2026-01-29 00:50:40'),
(128, '252-022', '$2y$10$ufCG874rMPZq8bKV8CvKouoZlmm2JooOjvPpck41v1AucNQAYS/EK', 'user', '2026-01-29 00:50:43'),
(129, '252-008', '$2y$10$N1TXTmrd66J9UqL9m1upSefF9aZkoKxEDbQS1wB5kGcj5xXAoGaDG', 'user', '2026-01-29 00:50:51'),
(130, '252-019', '$2y$10$EGbkVwyBULpA4UvGTaw92O2k3Wkimrwr0bOHWCITC2j9zgTJ30zQq', 'user', '2026-01-29 00:51:02'),
(131, '193-006', '$2y$10$xTkRqumvhoO7bUcz6Tt80ekQ/EZvZb3SR5mWH24zZzqItj9XUCe/C', 'user', '2026-01-29 00:51:04'),
(132, '193-007', '$2y$10$4PaHfe01MVCW8pXN6346uOC8/YcyYqVJ/Q6FdVTEZ/FjHWxIxXaly', 'user', '2026-01-29 00:51:56'),
(133, '252028', '$2y$10$Hx.3l1jec0oOw.reOeR8Jumz7VtyOkoANlviQgyudtGqEac5L4VKm', 'user', '2026-01-29 00:51:57'),
(134, '253-024', '$2y$10$c2I8tnMuKfnGizh1Ll6ouu8O07ZGYo3UhT0cy9ijS4zlP8WqYHtj6', 'user', '2026-01-29 00:51:58'),
(135, '252-007', '$2y$10$J0Kmq8TBFTlpPi78JslYhOLjYh85ME9Fi9bmH7cHtzMg6JG9m4xMS', 'user', '2026-01-29 00:52:01'),
(136, '252-015', '$2y$10$U.W.Fs8FTINuYsts3PagyuweSfittKMRvNnfYY9.BletA0RDS5gzm', 'user', '2026-01-29 00:52:05'),
(137, '252-023', '$2y$10$zDURhPykGsvudnLe8j/cCO41A0ACWJX9dex8rXKnvgDUwoZqtuSWi', 'user', '2026-01-29 00:52:09'),
(138, '252010', '$2y$10$Fo9b8l6an6P53toY5fWd.uyv.32z3rHsMaHMlUOheWaLkFGWRxQEW', 'user', '2026-01-29 00:52:28'),
(139, '252-017', '$2y$10$rfh/94j6bDf7nl3k9wJ1j.8L00KEA8BTcLBCVRn9GZX0bnG2PMghe', 'user', '2026-01-29 00:52:38'),
(140, '252-020', '$2y$10$AGXkP/3835piaUHoSOOOqu5lcIxilcsVKjLOsUTJkPHNcQZs22azu', 'user', '2026-01-29 00:52:49'),
(141, '252-029', '$2y$10$NKKWH.TY.xrIzxsfcEwZLOochvj9Eme9i.QDI2KAaKpsH.xZ1VIcS', 'user', '2026-01-29 00:53:15'),
(142, '252-014', '$2y$10$f/PLuUT0jTvjf6aW0Xx3tetk2UUu4jBHe/dkDdB8sUggfPEDG80rK', 'user', '2026-01-29 00:53:38'),
(143, '252-035', '$2y$10$/sMwRcm15chRj31klNrfrut/axf0NDLzW.DPnx3.oMTmt2h66Zq6a', 'user', '2026-01-29 00:53:57'),
(144, '252-037', '$2y$10$anUCjYIkJcxg0vSu42lK.OlVEjNUmmiys4qE4b2mXrwoiuJMQFzpa', 'user', '2026-01-29 00:55:06'),
(146, '251-002', '$2y$10$a0s/TWX4qOWDenAMlWhvdeX05XCynqlC0ZYWpYSzjNRTBc5KjHBiK', 'user', '2026-01-29 01:33:21'),
(147, '251010', '$2y$10$lzHozr9MZfthv2cRBKlCiOrLbfVqqUCPWbEs5PvQmOXJuxDoFCtcC', 'user', '2026-01-29 01:34:08'),
(148, '251-032', '$2y$10$HFatMVDLRU2u56s2l3T9..yrKKLDiw5tY5AivwMMDK2UOXKm.qQZ2', 'user', '2026-01-29 01:36:07'),
(149, '0096821293', '$2y$10$BZliKKi4b.4WQRjMvBhqsO4TB3/xWXYbvo.NbNkYfkHRihCOQS0Bu', 'user', '2026-01-29 01:36:16'),
(150, '251-014', '$2y$10$V4hW4Q3DA.DP5zd/YkogY.snceJC.y1P5WemiQvhG/FJ7VFMaarnW', 'user', '2026-01-29 01:36:34'),
(151, '251-036', '$2y$10$APwGCgFiXiB3NCq.pt5aueE7kYunjuUHN.lyNodbShT.4YEtuXHzS', 'user', '2026-01-29 01:36:51'),
(152, '251-028', '$2y$10$L02NNdqS5ab99yU3y0qzGO.0vtcCCbufJnxNT7JACZnikh1gWox4e', 'user', '2026-01-29 01:36:56'),
(153, '251027', '$2y$10$dcVjmiwESPB.zr9QwT3Xs.XQ9DGCJXyboGWHD1nITTE6X5QTWvcmy', 'user', '2026-01-29 01:37:25'),
(154, '251-024', '$2y$10$K9iXGAT7/oTrKVsNoOyZKOowNUjYrZYY/dBEHw3q.5hr1AqJyNVp2', 'user', '2026-01-29 01:37:28'),
(155, '0093794275', '$2y$10$eiQbnNKiZ5AmOAtwSbDJ/OvQVrK0pZETegIibGNCPL/jE0FjkXqa6', 'user', '2026-01-29 01:37:38'),
(156, '251-007', '$2y$10$h1hgiXMrYOYXCBqAmBHubOEEfU9D0oY8RBD4bgPppvOx0EfZrDsbS', 'user', '2026-01-29 01:38:09'),
(157, '251-001', '$2y$10$kfzICE4lQ3dCx/TpD.CnE.w0Vf1IebU1P64sNJhsMobYkzJ8X7m3a', 'user', '2026-01-29 01:38:12'),
(158, '251-012', '$2y$10$0lP0ytQQFlQ5DuQy4G2X3eujQKS/qz26u1XM4APnvbudkJ7Y/KFMq', 'user', '2026-01-29 01:38:18'),
(159, '251-030', '$2y$10$5qzW/gSgnlqBxDmE.NJ79epGX7j/WjFpa9XyGS94YGS8HQjOzg/Xu', 'user', '2026-01-29 01:38:25'),
(160, '251-021', '$2y$10$X4OZTc7.MOpFm.2eH49m0./pD5GTY7kEX/AZ1aqANk1L6q/Kru2Fq', 'user', '2026-01-29 01:38:29'),
(161, '251006', '$2y$10$ElFi7TVn/3G3LAngz1r3OueNmPpN3dB3XEAuO/T073ZCruzVcWZGq', 'user', '2026-01-29 01:38:37'),
(162, '251-015', '$2y$10$Y2YcoM5HEyG9.biJ377uSuWFeNPDwR8Vzasavtpu9Is49vDrYZQZu', 'user', '2026-01-29 01:38:44'),
(163, '251011', '$2y$10$4jOcxtFMtwpOG1A4GoCCA.BDrt9KrATHKW8PLhaVkWepT/61jlgFW', 'user', '2026-01-29 01:38:44'),
(164, '251035', '$2y$10$m1HN5Mqb7cPTV/jmiOXz6.8nISvX7vVX1fhfdqJi9ckpQwoTdceHy', 'user', '2026-01-29 01:38:45'),
(165, '251-022', '$2y$10$lMYaoAgrv0j7uG1hXNKDDuNLmYouGUk9Xp0EtRJmi2LuoNvO3A5z2', 'user', '2026-01-29 01:39:47'),
(166, '251-033', '$2y$10$AVwe47nkv088F9JkCzdOPuT4z.lkSYb3iS4qJz89ywKiHWQhT/7Im', 'user', '2026-01-29 01:39:54'),
(168, '251008', '$2y$10$TZFVAG9Uj67qLHUdSAaRfePjBBmFdV3MUew9DXlFkeNje0YYBaZcO', 'user', '2026-01-29 01:40:35'),
(169, '251-020', '$2y$10$OZBq5MOLYFRMV3he7TpJF.6Wb/k6wZZMqY5fTAN.eGwDDgVOidIXS', 'user', '2026-01-29 01:41:29'),
(170, '251-005', '$2y$10$rju.v5bPik3Rxq3A15NLtegVvvugx8uS.DF4um6/BqpdVslaZVtPm', 'user', '2026-01-29 01:41:41'),
(171, '251-031', '$2y$10$FskiDLH23iSCQRbgJ1gil.zBhjeWSnV1MbStu39bHAg8/Ukii/rJG', 'user', '2026-01-29 01:41:45'),
(172, '251016', '$2y$10$Qw/DPArZ67OjU/tS/ISHuu2P6P72Qw6JNvx0zp1Qoq/0K3E8agsg6', 'user', '2026-01-29 01:42:02'),
(173, '251-008', '$2y$10$QvB1fjQuqMLZ1nfwjfSL6eGYw477C0nguAXGvXf/K5VjJ.LdrgzHa', 'user', '2026-01-29 01:42:09'),
(174, '251026', '$2y$10$yqUYM7mbD6rEpp2L6j3EV.Slo8HK7YTQ9SfSc8Goik6eK4h3Xid7K', 'user', '2026-01-29 01:42:28'),
(175, '251-017', '$2y$10$2MNOmEbWQUNlOnTliGCEtOT4JqLajAtKplqU0n6IVIGUHxIdlD2va', 'user', '2026-01-29 01:43:05'),
(176, '251-029', '$2y$10$ErWkCDup39i4GDVAjBXGZuoEwrX3ts4KdzywSEq8LotK6MiSJfG0m', 'user', '2026-01-29 01:44:06'),
(177, '251 - 022', '$2y$10$9tA3i3GYhT2nx7JMHQrlO.kERQIamNDvi.uDYM8J4WfstiGtE9f9q', 'user', '2026-01-29 01:45:05'),
(178, '251-034', '$2y$10$aKNvALZjSXJTCgwEFEiFaOAcXre/6wNfrYxfqBwLdemny7YuyRBqe', 'user', '2026-01-29 01:48:08'),
(180, '251-003', '$2y$10$wbHuC3NHQNnBwPfbK/2ZqOvy4khDZ.GpQ6WGmYh1Jx9qZbMD1UV9.', 'user', '2026-01-30 05:21:36'),
(181, '251-023', '$2y$10$TJe2I8LVtdaA3r/Wkgf6/O43ZQfyTjZsLNE2Psu7jOhMw3T0tGHuK', 'user', '2026-01-30 05:25:42'),
(182, '252-021', '$2y$10$Rh7o9rvgM3yaAhZKTkDrbuivpGuzE7neHbYtuKXHULht6BEx5MFPC', 'user', '2026-01-30 06:45:48'),
(184, '232-002', '$2y$10$4C.ZdGEd3NJv9907CuGaB.lav9lF537zFkTCAUPF5LcffwWiRe5vi', 'user', '2026-01-31 10:43:51'),
(185, '242-009', '$2y$10$WPq01oBIGqMbnL/q035LXuqC8IhDv/coAzwgCOH58iAS6Z/iZwoea', 'user', '2026-01-31 10:45:19'),
(186, '242-023', '$2y$10$r.DKZkZrIF1jz4AQEffDYO45OB2icOesI.zvbPzTWdO6ZKBmkB52m', 'user', '2026-01-31 10:50:25'),
(187, '252-030', '$2y$10$pKbrjAcilWFA4F12a/8eau2sB83pn4FBwgYtE1VUfK6FJwqll7aHK', 'user', '2026-01-31 10:52:32'),
(188, '232-018', '$2y$10$Zz6pRlfY2WVpzkLJqC1jEuBts7V0PG.BvtQX0ZFWXa/kitKALWJce', 'user', '2026-01-31 11:00:29'),
(193, '123-123', '$2y$10$TIPieT8dRelOJDA8gud1suI0NJuQvJ7IUjE/XWFnXIPVFH6ukNSTe', 'user', '2026-02-25 04:38:58');

--
-- Indexes for dumped tables
--

--
-- Indexes for table `hasil_clustering`
--
ALTER TABLE `hasil_clustering`
  ADD PRIMARY KEY (`id_cluster`);

--
-- Indexes for table `hasil_skor`
--
ALTER TABLE `hasil_skor`
  ADD PRIMARY KEY (`id_skor`);

--
-- Indexes for table `jawaban`
--
ALTER TABLE `jawaban`
  ADD PRIMARY KEY (`id_jawaban`),
  ADD KEY `id_pernyataan` (`id_pernyataan`);

--
-- Indexes for table `kuesioner`
--
ALTER TABLE `kuesioner`
  ADD PRIMARY KEY (`id_pernyataan`);

--
-- Indexes for table `siswa`
--
ALTER TABLE `siswa`
  ADD PRIMARY KEY (`id_siswa`),
  ADD UNIQUE KEY `nis` (`nis`);

--
-- Indexes for table `users`
--
ALTER TABLE `users`
  ADD PRIMARY KEY (`id_user`),
  ADD UNIQUE KEY `nis` (`nis`);

--
-- AUTO_INCREMENT for dumped tables
--

--
-- AUTO_INCREMENT for table `hasil_clustering`
--
ALTER TABLE `hasil_clustering`
  MODIFY `id_cluster` int NOT NULL AUTO_INCREMENT, AUTO_INCREMENT=156;

--
-- AUTO_INCREMENT for table `hasil_skor`
--
ALTER TABLE `hasil_skor`
  MODIFY `id_skor` int NOT NULL AUTO_INCREMENT, AUTO_INCREMENT=156;

--
-- AUTO_INCREMENT for table `jawaban`
--
ALTER TABLE `jawaban`
  MODIFY `id_jawaban` int NOT NULL AUTO_INCREMENT, AUTO_INCREMENT=2430;

--
-- AUTO_INCREMENT for table `kuesioner`
--
ALTER TABLE `kuesioner`
  MODIFY `id_pernyataan` int NOT NULL AUTO_INCREMENT, AUTO_INCREMENT=58;

--
-- AUTO_INCREMENT for table `siswa`
--
ALTER TABLE `siswa`
  MODIFY `id_siswa` int NOT NULL AUTO_INCREMENT, AUTO_INCREMENT=193;

--
-- AUTO_INCREMENT for table `users`
--
ALTER TABLE `users`
  MODIFY `id_user` int NOT NULL AUTO_INCREMENT, AUTO_INCREMENT=194;

--
-- Constraints for dumped tables
--

--
-- Constraints for table `jawaban`
--
ALTER TABLE `jawaban`
  ADD CONSTRAINT `jawaban_ibfk_1` FOREIGN KEY (`id_pernyataan`) REFERENCES `kuesioner` (`id_pernyataan`) ON DELETE CASCADE;
COMMIT;

/*!40101 SET CHARACTER_SET_CLIENT=@OLD_CHARACTER_SET_CLIENT */;
/*!40101 SET CHARACTER_SET_RESULTS=@OLD_CHARACTER_SET_RESULTS */;
/*!40101 SET COLLATION_CONNECTION=@OLD_COLLATION_CONNECTION */;
